thomasID,govtrackID,bioguideID,opensecretsID,lisID,votesmartID,fecIDs,icpsrID,wikipediaID,cspanID,washpostID,firstName,lastName,birthday,gender,religion,party,democratCount,republicanCount,otherCount,state,district,type,currentParty
00136,400050,B000944,N00003535,S307,27018,"['H2OH13033', 'S6OH00163']",29389,Sherrod Brown,5051,,Sherrod,Brown,1952-11-09,M,Lutheran,democrat,9,0,0,OH,,Senate,Democrat
00172,300018,C000127,N00007836,S275,27122,"['S8WA00194', 'H2WA01054']",39310,Maria Cantwell,26137,,Maria,Cantwell,1958-10-13,F,Roman Catholic,democrat,4,0,0,WA,,Senate,Democrat
00174,400064,C000141,N00001955,S308,26888,"['H6MD03177', 'S6MD03177']",15408,Ben Cardin,4004,,Benjamin,Cardin,1943-10-05,M,Jewish,democrat,12,0,0,MD,,Senate,Democrat
00179,300019,C000174,N00012508,S277,22421,['S8DE00079'],15015,Tom Carper,663,,Thomas,Carper,1947-01-23,M,Presbyterian,democrat,8,0,0,DE,,Senate,Democrat
01828,412246,C001070,N00027503,S309,2541,['S6PA00217'],40703,Bob Casey Jr.,47036,,Robert,Casey,1960-04-13,M,,democrat,2,0,0,PA,,Senate,Democrat
01825,412248,C001071,N00027441,S310,65905,"['S6TN00216', 'S4TN00187']",40705,Bob Corker,1021114,,Bob,Corker,1952-08-24,M,,republican,0,2,0,TN,,Senate,Republican
01332,300043,F000062,N00007364,S221,53273,['S0CA00199'],49300,Dianne Feinstein,13061,,Dianne,Feinstein,1933-06-22,F,Jewish,democrat,5,0,0,CA,,Senate,Democrat
01351,300052,H000338,N00009869,S118,53352,"['S6UT00063', 'P00003806']",14503,Orrin Hatch,189,,Orrin,Hatch,1934-03-22,M,Latter Day Saints,republican,0,7,0,UT,,Senate,Republican
01826,412242,K000367,N00027500,S311,65092,['S6MN00267'],40700,Amy Klobuchar,83701,,Amy,Klobuchar,1960-05-25,F,,democrat,2,0,0,MN,,Senate,Democrat
01820,412243,M001170,N00027694,S312,2109,"['S6MO00305', 'P80005721']",40701,Claire McCaskill,1012014,,Claire,McCaskill,1953-07-24,F,,democrat,2,0,0,MO,,Senate,Democrat
00791,400272,M000639,N00000699,S306,26961,"['H2NJ13075', 'S6NJ00289']",29373,Bob Menendez,29608,,Robert,Menéndez,1954-01-01,M,Roman Catholic,democrat,10,0,0,NJ,,Senate,Democrat
00859,300078,N000032,N00009926,S282,1606,['S8FL00166'],14651,Bill Nelson,1931,,Bill,Nelson,1942-09-29,M,Presbyterian,democrat,9,0,0,FL,,Senate,Democrat
01010,400357,S000033,N00000528,S313,27110,"['H8VT01016', 'S4VT00033']",29147,Bernie Sanders,994,,Bernard,Sanders,1941-09-08,M,Jewish,other,0,0,10,VT,,Senate,Independent
01531,300093,S000770,N00004118,S284,515,"['S8MI00281', 'H6MI08163']",29732,Debbie Stabenow,45451,,Debbie,Stabenow,1950-04-29,F,United Methodist,democrat,5,0,0,MI,,Senate,Democrat
01829,412244,T000464,N00027605,S314,20928,['S6MT00162'],40702,Jon Tester,1020176,,Jon,Tester,1956-08-21,M,,democrat,2,0,0,MT,,Senate,Democrat
01823,412247,W000802,N00027533,S316,2572,['S6RI00221'],40704,Sheldon Whitehouse,92235,,Sheldon,Whitehouse,1955-10-20,M,,democrat,2,0,0,RI,,Senate,Democrat
01881,412251,B001261,N00006236,S317,52662,['S6WY00068'],40707,John Barrasso,1024777,,John,Barrasso,1952-07-21,M,,republican,0,2,0,WY,,Senate,Republican
01226,400432,W000437,N00003280,S318,21926,"['H4MS01078', 'S8MS00196']",29534,Roger Wicker,18203,,Roger,Wicker,1951-07-05,M,Southern Baptist,republican,0,9,0,MS,,Senate,Republican
01695,300002,A000360,N00009888,S289,15691,"['S2TN00058', 'P60003225']",40304,Lamar Alexander,5,,Lamar,Alexander,1940-07-03,M,Presbyterian,republican,0,3,0,TN,,Senate,Republican
00213,300023,C000567,N00003328,S136,53312,['S8MS00055'],14009,Thad Cochran,1200,,Thad,Cochran,1937-12-07,M,Baptist,republican,0,10,0,MS,,Senate,Republican
01541,300025,C001035,N00000491,S252,379,['S6ME00159'],49703,Susan Collins,45738,,Susan,Collins,1952-12-07,F,Catholic,republican,0,4,0,ME,,Senate,Republican
01692,300027,C001056,N00024852,S287,15375,['S2TX00106'],40305,John Cornyn,93131,,John,Cornyn,1952-02-02,M,Church of Christ,republican,0,4,0,TX,,Senate,Republican
00326,300038,D000563,N00004981,S253,26847,"['S6IL00151', 'H2IL20026']",15021,Dick Durbin,6741,,Richard,Durbin,1944-11-21,M,Roman Catholic,democrat,11,0,0,IL,,Senate,Democrat
01542,300041,E000285,N00006249,S254,558,['S6WY00126'],49706,Mike Enzi,45824,,Michael,Enzi,1944-02-01,M,Presbyterian,republican,0,4,0,WY,,Senate,Republican
00452,300047,G000359,N00009975,S293,21992,"['S0SC00149', 'H4SC03087']",29566,Lindsey Graham,36782,,Lindsey,Graham,1955-07-09,M,Southern Baptist,republican,0,7,0,SC,,Senate,Republican
00583,300055,I000024,N00005582,S236,27027,"['S4OK00083', 'H6OK01102']",15424,Jim Inhofe,5619,,James,Inhofe,1934-11-17,M,Presbyterian,republican,0,9,0,OK,,Senate,Republican
01395,300072,M000355,N00003389,S174,53298,['S2KY00012'],14921,Mitch McConnell,2351,,Mitch,McConnell,1942-02-20,M,Baptist,republican,0,6,0,KY,,Senate,Republican
01900,412325,M001176,N00029303,S322,23644,['S8OR00207'],40908,Jeff Merkley,1029842,,Jeff,Merkley,1956-10-24,M,,democrat,2,0,0,OR,,Senate,Democrat
00949,300081,R000122,N00000362,S259,27060,"['S6RI00163', 'H0RI02071']",29142,Jack Reed (politician),24239,,John,Reed,1949-11-12,M,Roman Catholic,democrat,7,0,0,RI,,Senate,Democrat
01896,412322,R000584,N00029441,S323,2919,['S8ID00092'],40902,Jim Risch,1020034,,James,Risch,1943-05-03,M,,republican,0,2,0,ID,,Senate,Republican
00968,300083,R000307,N00005285,S260,26866,"['S6KS00080', 'H0KS01016']",14852,Pat Roberts,16354,,Pat,Roberts,1936-04-20,M,Methodist,republican,0,12,0,KS,,Senate,Republican
01548,300088,S001141,N00003062,S261,443,['S6AL00195'],49700,Jeff Sessions,44441,,Jefferson,Sessions,1946-12-24,M,Methodist,republican,0,4,0,AL,,Senate,Republican
01901,412323,S001181,N00024790,S324,1663,['S0NH00219'],40906,Jeanne Shaheen,22850,,Jeanne,Shaheen,1947-01-28,F,,democrat,2,0,0,NH,,Senate,Democrat
01567,400413,U000039,N00006561,S326,22658,"['H8NM03097', 'S8NM00184']",29924,Tom Udall,10075,,Tom,Udall,1948-05-18,M,Latter Day Saints,democrat,7,0,0,NM,,Senate,Democrat
01897,412321,W000805,N00002097,S327,535,"['S6VA00093', 'P80003023']",40909,Mark Warner,7630,,Mark,Warner,1954-12-15,M,,democrat,2,0,0,VA,,Senate,Democrat
01866,412223,G000555,N00027658,S331,65147,"['H6NY20167', 'S0NY00410']",20735,Kirsten Gillibrand,1022862,,Kirsten,Gillibrand,1966-12-09,F,,democrat,4,0,0,NY,,Senate,Democrat
01969,412378,F000457,N00029016,S332,108924,['S8MN00438'],40904,Al Franken,23334,,Alan,Franken,1951-05-21,M,,democrat,2,0,0,MN,,Senate,Democrat
01984,412390,C001088,N00031820,S337,122834,['S0DE00092'],40916,Chris Coons,9269028,,Chris,Coons,1963-09-09,M,,democrat,2,0,0,DE,,Senate,Democrat
01983,412391,M001183,N00032838,S338,7547,['S0WV00090'],40915,Joe Manchin,62864,,Joe,Manchin,1947-08-24,M,,democrat,2,0,0,WV,,Senate,Democrat
01460,400004,A000055,N00003028,,441,['H6AL04098'],29701,Robert Aderholt,45516,,Robert,Aderholt,1965-07-22,M,Protestant,republican,0,11,0,AL,4,House,Republican
02029,412438,A000367,N00031938,,105566,['H0MI03126'],21143,Justin Amash,1033767,,Justin,Amash,1980-04-18,M,,republican,0,4,0,MI,3,House,Republican
01558,400013,B001230,N00004367,S354,3470,"['H8WI00018', 'S2WI00219']",29940,Tammy Baldwin,57884,,Tammy,Baldwin,1962-02-11,F,,democrat,8,0,0,WI,,Senate,Democrat
02054,412469,B001269,N00025495,,47143,['H2PA11098'],21171,Lou Barletta,29618,,Lou,Barletta,1956-01-28,M,,republican,0,4,0,PA,11,House,Republican
00062,400018,B000213,N00005656,,27082,"['H4TX06117', 'S4TX00094']",15085,Joe Barton,5248,,Joe,Barton,1949-09-15,M,Methodist,republican,0,17,0,TX,6,House,Republican
01996,412404,B001270,N00031877,,28963,['H0CA33117'],21110,Karen Bass,62502,,Karen,Bass,1953-10-03,F,,democrat,4,0,0,CA,37,House,Democrat
01965,412330,B001267,N00030608,S330,110942,['S0CO00211'],40910,Michael Bennet,1031622,,Michael,Bennet,1964-11-28,M,,democrat,3,0,0,CO,,Senate,Democrat
01838,412250,B001257,N00027462,,17318,['H6FL09070'],20758,Gus Bilirakis,1022873,,Gus,Bilirakis,1963-02-08,M,,republican,0,6,0,FL,12,House,Republican
01753,400029,B001250,N00025292,,50544,['H2UT01094'],20357,Rob Bishop,1003621,,Rob,Bishop,1951-07-13,M,Latter Day Saints,republican,0,8,0,UT,1,House,Republican
00091,400030,B000490,N00002674,,26817,['H2GA02031'],29339,Sanford Bishop,26194,,Sanford,Bishop,1947-02-04,M,Baptist,democrat,13,0,0,GA,2,House,Democrat
02063,412478,B001273,N00031539,,25292,['H0TN06257'],21180,Diane Black,9268964,,Diane,Black,1951-01-16,F,,republican,0,4,0,TN,6,House,Republican
01748,400032,B001243,N00003105,,25186,['H2TN06030'],20351,Marsha Blackburn,31226,,Marsha,Blackburn,1952-06-06,F,Presbyterian,republican,0,8,0,TN,7,House,Republican
00099,400033,B000574,N00007727,,367,['H6OR03064'],29588,Earl Blumenauer,43809,,Earl,Blumenauer,1948-08-16,M,,democrat,12,0,0,OR,3,House,Democrat
02076,412490,B001277,N00031685,S341,1568,['S0CT00177'],41101,Richard Blumenthal,21799,,Richard,Blumenthal,1946-02-13,M,,democrat,2,0,0,CT,,Senate,Democrat
01464,400034,B000575,N00005195,S342,418,"['H6MO07128', 'S0MO00183']",29735,Roy Blunt,45465,,Roy,Blunt,1950-01-10,M,Baptist,republican,0,9,0,MO,,Senate,Republican
01687,400040,B001236,N00013873,S343,27958,"['H2AR03176', 'S0AR00150']",20101,John Boozman,92069,,John,Boozman,1950-12-10,M,,republican,0,7,0,AR,,Senate,Republican
01723,400041,B001245,N00024866,,1751,['H2GU00033'],,Madeleine Bordallo,1003568,,Madeleine,Bordallo,1933-05-31,F,Catholic,democrat,8,0,0,GU,0,House,Democrat
01468,400046,B000755,N00005883,,361,['H6TX08100'],29760,Kevin Brady,45749,,Kevin,Brady,1955-04-11,M,Catholic,republican,0,11,0,TX,8,House,Republican
01469,400047,B001227,N00001619,,2519,['H8PA01153'],29777,Bob Brady,55227,,Robert,Brady,1945-04-07,M,,democrat,11,0,0,PA,1,House,Democrat
01987,412395,B001274,N00030910,,121610,['H0AL05163'],21193,Mo Brooks,94888,,Mo,Brooks,1954-04-29,M,,republican,0,4,0,AL,5,House,Republican
01840,412196,B001260,N00027626,,66247,['H6FL13148'],20709,Vern Buchanan,1021626,,Vern,Buchanan,1951-05-08,M,,republican,0,6,0,FL,16,House,Republican
02018,412427,B001275,N00031227,,120335,['H0IN08114'],21132,Larry Bucshon,61837,,Larry,Bucshon,1962-05-31,M,,republican,0,4,0,IN,8,House,Republican
01751,400052,B001248,N00025219,,50120,['H2TX26093'],20355,Michael C. Burgess,1003620,,Michael,Burgess,1950-12-23,M,Episcopalian,republican,0,8,0,TX,26,House,Republican
00153,400054,B001135,N00002221,S300,21787,"['S4NC00089', 'H2NC05074']",29548,Richard Burr,31054,,Richard,Burr,1955-11-30,M,Methodist,republican,0,8,0,NC,,Senate,Republican
01761,400616,B001251,N00027035,,41077,['H4NC01046'],20340,G. K. Butterfield,1013540,,George,Butterfield,1947-04-27,M,Baptist,democrat,8,0,0,NC,1,House,Democrat
00165,400057,C000059,N00007099,,26777,['H2CA37023'],29323,Ken Calvert,26709,,Ken,Calvert,1953-06-08,M,Protestant,republican,0,13,0,CA,42,House,Republican
01676,400061,C001047,N00009771,S372,11701,"['H0WV02138', 'S4WV00159']",20146,Shelley Moore Capito,83737,,Shelley,Capito,1953-11-26,F,Presbyterian,republican,0,8,0,WV,,Senate,Republican
01564,400063,C001037,N00000267,,18883,"['H8MA08071', 'S0MA00117']",29919,Mike Capuano,56760,,Michael,Capuano,1952-01-09,M,Roman Catholic,democrat,10,0,0,MA,7,House,Democrat
01889,412258,C001072,N00029513,,84917,['H8IN07184'],20757,André Carson,1027364,,André,Carson,1974-10-16,M,,democrat,6,0,0,IN,7,House,Democrat
01752,400068,C001051,N00025095,,49296,['H2TX31044'],20356,John Carter (Texas politician),1004257,,John,Carter,1941-11-06,M,Christian,republican,0,8,0,TX,31,House,Republican
01925,412269,C001075,N00030245,S373,69494,"['H8LA00017', 'S4LA00107']",20919,Bill Cassidy,1030546,,Bill,Cassidy,1957-09-28,M,,republican,0,4,0,LA,,Senate,Republican
01839,412195,C001066,N00027514,,53825,"['H6FL11126', 'H6FL11134']",20708,Kathy Castor,1022874,,Kathy,Castor,1966-08-20,F,,democrat,6,0,0,FL,14,House,Democrat
00186,400071,C000266,N00003689,,21790,['H8OH01043'],29550,Steve Chabot,36705,,Steve,Chabot,1953-01-22,M,Catholic,republican,0,11,0,OH,1,House,Republican
01956,412270,C001076,N00028958,,103482,['H8UT03089'],20949,Jason Chaffetz,1031362,,Jason,Chaffetz,1967-03-26,M,,republican,0,5,0,UT,3,House,Republican
01970,412379,C001080,N00030600,,16539,['H0CA32101'],20955,Judy Chu,92573,,Judy,Chu,1953-07-07,F,,democrat,5,0,0,CA,27,House,Democrat
02055,412470,C001084,N00032019,,7349,['H0RI01073'],21172,David Cicilline,1033865,,David,Cicilline,1961-07-15,M,,democrat,4,0,0,RI,1,House,Democrat
01864,412221,C001067,N00026961,,44741,['H4NY11138'],20733,Yvette Clarke,1022875,,Yvette,Clarke,1964-11-21,F,,democrat,6,0,0,NY,9,House,Democrat
01654,400074,C001049,N00012460,,8967,['H0MO01066'],20147,Lacy Clay,88332,,Wm.,Clay,1956-07-27,M,Roman Catholic,democrat,9,0,0,MO,1,House,Democrat
01790,400639,C001061,N00026790,,39507,['H4MO05234'],20517,Emanuel Cleaver,10933,,Emanuel,Cleaver,1944-10-26,M,,democrat,7,0,0,MO,5,House,Democrat
00208,400075,C000537,N00002408,,27066,['H2SC02042'],39301,Jim Clyburn,21607,,James,Clyburn,1940-07-21,M,African Methodist Episcopal,democrat,13,0,0,SC,6,House,Democrat
01912,412271,C001077,N00024753,,1535,"['H8CO06138', 'H2CO00019']",20906,Mike Coffman,1031340,,Mike,Coffman,1955-03-19,M,,republican,0,5,0,CO,6,House,Republican
01878,412236,C001068,N00003225,,24340,['H6TN09068'],20748,Steve Cohen,1022876,,Steve,Cohen,1949-05-24,M,,democrat,6,0,0,TN,9,House,Democrat
01742,400077,C001053,N00025726,,46034,['H2OK04055'],20344,Tom Cole,1003609,,Tom,Cole,1949-04-28,M,Methodist,republican,0,8,0,OK,4,House,Republican
01805,400655,C001062,N00026041,,49935,"['H4TX19136', 'H3TX19021']",20531,Mike Conaway,1004595,,K.,Conaway,1948-06-11,M,Baptist,republican,0,7,0,TX,11,House,Republican
01959,412272,C001078,N00029891,,95078,['H8VA11062'],20952,Gerry Connolly,1015936,,Gerald,Connolly,1950-03-30,M,,democrat,5,0,0,VA,11,House,Democrat
00229,400080,C000714,N00004029,,26904,['H6MI01028'],10713,John Conyers,1824,,John,Conyers,1929-05-16,M,Baptist,democrat,27,0,0,MI,13,House,Democrat
00231,400081,C000754,N00003132,,48891,"['H2TN05131', 'H2TN04027', 'S4TN00096']",15019,Jim Cooper,1201,,Jim,Cooper,1954-06-19,M,Episcopalian,democrat,14,0,0,TN,5,House,Democrat
01774,400618,C001059,N00026341,,3577,['H4CA20082'],20501,Jim Costa,19599,,Jim,Costa,1952-04-13,M,,democrat,7,0,0,CA,16,House,Democrat
01836,412193,C001069,N00024842,,30333,['H2CT02112'],20706,Joe Courtney (politician),1021284,,Joe,Courtney,1953-04-06,M,,democrat,6,0,0,CT,2,House,Democrat
00250,300030,C000880,N00006267,S266,26830,"['S8ID00027', 'H2ID02034']",29345,Mike Crapo,26440,,Michael,Crapo,1951-05-20,M,Latter Day Saints,republican,0,7,0,ID,,Senate,Republican
01989,412400,C001087,N00030770,,119208,['H0AR01083'],21106,Rick Crawford (politician),623259,,Eric,Crawford,1966-01-22,M,,republican,0,4,0,AR,1,House,Republican
01604,400087,C001038,N00001127,,4295,['H8NY07046'],29925,Joseph Crowley,57880,,Joseph,Crowley,1962-03-16,M,Roman Catholic,democrat,10,0,0,NY,14,House,Democrat
01807,400657,C001063,N00024978,,5486,['H2TX23082'],20533,Henry Cuellar,1013062,,Henry,Cuellar,1955-09-19,M,Catholic,democrat,7,0,0,TX,28,House,Democrat
01670,400089,C001048,N00009738,,5488,['H0TX07055'],20139,John Culberson,88078,,John,Culberson,1956-08-24,M,Methodist,republican,0,9,0,TX,7,House,Republican
00256,400090,C000984,N00001971,,345,['H6MD07160'],29587,Elijah Cummings,43300,,Elijah,Cummings,1951-01-18,M,Baptist,democrat,12,0,0,MD,7,House,Democrat
01477,400093,D000096,N00004884,,233,['H4IL07037'],29717,Danny K. Davis,44325,,Danny,Davis,1941-09-06,M,Baptist,democrat,11,0,0,IL,7,House,Democrat
01641,400097,D000598,N00009604,,8168,['H0CA49055'],20108,Susan Davis (politician),85595,,Susan,Davis,1944-04-13,F,Jewish,democrat,9,0,0,CA,53,House,Democrat
00279,400100,D000191,N00007781,,27037,"['H6OR04047', 'S6OR00151']",15410,Peter DeFazio,6068,,Peter,DeFazio,1947-05-27,M,Catholic,democrat,16,0,0,OR,4,House,Democrat
01479,400101,D000197,N00006134,,561,['H6CO01141'],29710,Diana DeGette,90293,,Diana,DeGette,1957-07-29,F,Presbyterian,democrat,11,0,0,CO,1,House,Democrat
00281,400103,D000216,N00000615,,26788,['H0CT03072'],29109,Rosa DeLauro,19040,,Rosa,DeLauro,1943-03-02,F,Roman Catholic,democrat,14,0,0,CT,3,House,Democrat
01995,412403,D000612,N00031593,,28769,['H0CA19173'],21109,Jeff Denham,623287,,Jeff,Denham,1967-07-29,M,,republican,0,4,0,CA,10,House,Republican
01799,400648,D000604,N00026171,,9121,['H4PA15087'],20526,Charlie Dent,1011395,,Charles,Dent,1960-05-24,M,,republican,0,7,0,PA,15,House,Republican
02062,412477,D000616,N00030957,,123473,['H0TN04195'],21179,Scott DesJarlais,623517,,Scott,DesJarlais,1964-02-21,M,,republican,0,4,0,TN,4,House,Republican
01976,412385,D000610,N00031317,,67151,['H0FL19080'],20959,Ted Deutch,9267613,,Theodore,Deutch,1966-05-07,M,,democrat,5,0,0,FL,22,House,Democrat
01717,400108,D000600,N00025337,,24312,['H2FL25018'],20316,Mario Díaz-Balart,1003562,,Mario,Diaz-Balart,1961-09-25,M,Catholic,republican,0,8,0,FL,25,House,Republican
00303,400111,D000399,N00006023,,21689,['H4TX10028'],29571,Lloyd Doggett,36810,,Lloyd,Doggett,1946-10-06,M,Methodist,democrat,12,0,0,TX,35,House,Democrat
01850,412205,D000607,N00026586,S356,34212,"['H4IN02101', 'S2IN00091']",20717,Joe Donnelly,1012000,,Joe,Donnelly,1955-09-28,M,,democrat,4,0,0,IN,,Senate,Democrat
00316,400114,D000482,N00001373,,21853,['H4PA18131'],29561,Michael F. Doyle,36774,,Michael,Doyle,1953-08-05,M,Roman Catholic,democrat,12,0,0,PA,14,House,Democrat
02072,412488,D000614,N00030967,,126238,['H0WI07051'],21189,Sean Duffy,623570,,Sean,Duffy,1971-10-03,M,,republican,0,4,0,WI,7,House,Republican
02057,412472,D000615,N00030752,,47967,['H0SC03077'],21174,Jeff Duncan (politician),62713,,Jeff,Duncan,1966-01-07,M,,republican,0,4,0,SC,3,House,Republican
00322,400116,D000533,N00003209,,27069,['H8TN02069'],15455,Jimmy Duncan (U.S. politician),6114,,John,Duncan,1947-07-21,M,Presbyterian,republican,0,16,0,TN,2,House,Republican
01857,412215,E000288,N00028257,,38982,['H6MN05183'],20727,Keith Ellison,1022556,,Keith,Ellison,1963-08-04,M,,democrat,6,0,0,MN,5,House,Democrat
00344,400122,E000179,N00001003,,26972,['H8NY19058'],15603,Eliot Engel,6109,,Eliot,Engel,1947-02-18,M,Jewish,democrat,15,0,0,NY,16,House,Democrat
00355,400124,E000215,N00007335,,26741,['H8CA12098'],29312,Anna Eshoo,26130,,Anna,Eshoo,1942-12-13,F,Catholic,democrat,13,0,0,CA,18,House,Democrat
02067,412482,F000460,N00031672,,116919,['H0TX27061'],21184,Blake Farenthold,95180,,Blake,Farenthold,1961-12-12,M,,republican,0,4,0,TX,27,House,Republican
01633,400134,F000444,N00009573,S358,28128,"['H0AZ01184', 'S2AZ00141']",20100,Jeff Flake,87582,,Jeff,Flake,1962-12-31,M,Latter Day Saints,republican,0,7,0,AZ,,Senate,Republican
02061,412476,F000459,N00030815,,123456,['H0TN03254'],21178,Chuck Fleischmann,95146,,Charles,Fleischmann,1962-10-11,M,,republican,0,4,0,TN,3,House,Republican
02065,412480,F000461,N00031545,,116906,['H0TX17104'],21182,Bill Flores,623540,,Bill,Flores,1954-02-25,M,,republican,0,4,0,TX,17,House,Republican
01793,400640,F000449,N00026631,,41929,['H4NE01064'],20518,Jeff Fortenberry,1013049,,Jeff,Fortenberry,1960-12-27,M,,republican,0,7,0,NE,1,House,Republican
01791,400643,F000450,N00026166,,6051,['H4NC05146'],20521,Virginia Foxx,1013052,,Virginia,Foxx,1943-06-29,F,Roman Catholic,republican,0,7,0,NC,5,House,Republican
01707,400141,F000448,N00006423,,28399,['H4AZ04024'],20304,Trent Franks,1003550,,Trent,Franks,1957-06-19,M,Baptist,republican,0,8,0,AZ,8,House,Republican
00414,400142,F000372,N00000684,,22177,['H2NJ05014'],29541,Rodney Frelinghuysen,37781,,Rodney,Frelinghuysen,1946-04-29,M,Episcopalian,republican,0,12,0,NJ,11,House,Republican
01895,412327,F000455,N00030490,,110640,['H8OH11141'],20941,Marcia Fudge,1030928,,Marcia,Fudge,1952-10-29,F,,democrat,6,0,0,OH,11,House,Democrat
01973,412382,G000559,N00030856,,29664,['H0CA10149'],20958,John Garamendi,18413,,John,Garamendi,1945-01-24,M,,democrat,5,0,0,CA,3,House,Democrat
01998,412406,G000562,N00030780,S377,30004,"['H0CO04122', 'S4CO00395']",21112,Cory Gardner,623308,,Cory,Gardner,1974-08-22,M,,republican,0,3,0,CO,,Senate,Republican
02049,412463,G000563,N00031128,,45466,['H0OH18077'],21165,Bob Gibbs,1033844,,Bob,Gibbs,1954-06-14,M,,republican,0,4,0,OH,7,House,Republican
01801,400651,G000552,N00026148,,50029,['H4TX04039'],20527,Louie Gohmert,1011394,,Louie,Gohmert,1953-08-18,M,Unknown,republican,0,7,0,TX,1,House,Republican
00446,400154,G000289,N00009154,,27116,['H2VA06115'],39308,Bob Goodlatte,27025,,Bob,Goodlatte,1952-09-22,M,Christian Scientist,republican,0,13,0,VA,6,House,Republican
01992,412397,G000565,N00030771,,123491,['H0AZ01259'],21103,Paul Gosar,62470,,Paul,Gosar,1958-11-22,M,,republican,0,4,0,AZ,4,House,Republican
02058,412473,G000566,N00030880,,121782,['H0SC04257'],21175,Trey Gowdy,9268950,,Trey,Gowdy,1964-08-22,M,,republican,0,4,0,SC,4,House,Republican
01487,400157,G000377,N00008799,,334,['H6TX12060'],29762,Kay Granger,45709,,Kay,Granger,1943-01-18,F,Methodist,republican,0,11,0,TX,12,House,Republican
00457,300048,G000386,N00001758,S153,53293,['S0IA00028'],14226,Chuck Grassley,1167,,Charles,Grassley,1933-09-17,M,Baptist,republican,0,10,0,IA,,Senate,Republican
01656,400158,G000546,N00013323,,9425,['H0MO06073'],20124,Sam Graves,89873,,Sam,Graves,1963-11-07,M,Baptist,republican,0,9,0,MO,6,House,Republican
01979,412388,G000560,N00030788,,31969,['H0GA09030'],20962,Tom Graves,11519,,Tom,Graves,1970-02-03,M,,republican,0,5,0,GA,14,House,Republican
01803,400653,G000553,N00026686,,49680,['H4TX09095'],20529,Al Green (politician),1012969,,Al,Green,1947-09-01,M,Unknown,democrat,7,0,0,TX,9,House,Democrat
00462,400160,G000410,N00005870,,27100,['H2TX29030'],39304,Gene Green,26156,,Gene,Green,1947-10-17,M,Methodist,democrat,13,0,0,TX,29,House,Democrat
02070,412485,G000568,N00032029,,5148,['H0VA09055'],21191,Morgan Griffith,62766,,H.,Griffith,1958-03-15,M,,republican,0,4,0,VA,9,House,Republican
01708,400162,G000551,N00025284,,28253,['H2AZ07070'],20305,Raúl Grijalva,1003551,,Raúl,Grijalva,1948-02-19,M,Roman Catholic,democrat,8,0,0,AZ,3,House,Democrat
01922,412278,G000558,N00029675,,18829,['H8KY02031'],20916,Brett Guthrie,1031343,,Brett,Guthrie,1964-02-18,M,,republican,0,5,0,KY,2,House,Republican
00478,400163,G000535,N00004874,,26841,['H2IL08039'],29348,Luis Gutiérrez,23476,,Luis,Gutiérrez,1953-12-10,M,Roman Catholic,democrat,13,0,0,IL,4,House,Democrat
01933,412280,H001045,N00029632,,101985,['H8MS03067'],20925,Gregg Harper,1031347,,Gregg,Harper,1956-06-01,M,,republican,0,5,0,MS,3,House,Republican
02026,412434,H001052,N00029147,,19157,['H8MD01094'],21139,Andy Harris (politician),1033464,,Andy,Harris,1957-01-25,M,,republican,0,4,0,MD,1,House,Republican
02032,412444,H001053,N00031005,,8783,['H0MO04086'],21149,Vicky Hartzler,95050,,Vicky,Hartzler,1960-10-13,F,,republican,0,4,0,MO,4,House,Republican
00511,400170,H000324,N00002884,,26798,['H2FL23021'],29337,Alcee Hastings,1858,,Alcee,Hastings,1936-09-05,M,African Methodist Episcopal,democrat,13,0,0,FL,20,House,Democrat
01937,412281,H001046,N00029835,S359,74517,"['H8NM01224', 'S2NM00088']",20930,Martin Heinrich,1030686,,Martin,Heinrich,1971-10-17,M,,democrat,3,0,0,NM,,Senate,Democrat
01749,400175,H001036,N00024922,,49827,['H2TX05121'],20352,Jeb Hensarling,1003619,,Jeb,Hensarling,1957-05-29,M,Christian,republican,0,8,0,TX,5,House,Republican
02071,412486,H001056,N00031559,,101907,['H0WA03187'],21187,Jaime Herrera Beutler,95198,,Jaime,Herrera Beutler,1978-11-03,F,,republican,0,4,0,WA,3,House,Republican
01794,400641,H001038,N00027060,,23127,['H4NY27076'],20519,Brian Higgins,1013050,,Brian,Higgins,1959-10-06,M,,democrat,7,0,0,NY,26,House,Democrat
01913,412282,H001047,N00029070,,106744,['H8CT04172'],20907,Jim Himes,1031341,,James,Himes,1966-07-05,M,,democrat,5,0,0,CT,4,House,Democrat
01844,412200,H001042,N00028139,S361,1677,"['H6HI02251', 'S2HI00106']",20713,Mazie Hirono,91216,,Mazie,Hirono,1947-11-03,F,,democrat,4,0,0,HI,,Senate,Democrat
02079,412494,H001061,N00031688,S344,41788,['S0ND00093'],41107,John Hoeven,85233,,John,Hoeven,1957-03-13,M,,republican,0,2,0,ND,,Senate,Republican
00566,400189,H000874,N00001821,,26890,['H2MD05155'],14873,Steny Hoyer,1919,,Steny,Hoyer,1939-06-14,M,Baptist,democrat,19,0,0,MD,5,House,Democrat
02028,412437,H001058,N00030673,,38351,['H0MI02094'],21142,Bill Huizenga,1033765,,Bill,Huizenga,1969-01-31,M,,republican,0,4,0,MI,2,House,Republican
02015,412422,H001059,N00031104,,18199,['H0IL14080'],21129,Randy Hultgren,62575,,Randy,Hultgren,1966-03-01,M,,republican,0,4,0,IL,14,House,Republican
01909,412283,H001048,N00029258,,104308,['H8CA52052'],20963,Duncan D. Hunter,1032398,,Duncan,Hunter,1976-12-07,M,,republican,0,5,0,CA,50,House,Republican
01608,400194,I000055,N00002593,S305,1721,"['S6GA00119', 'H8GA06146']",29909,Johnny Isakson,59135,,John,Isakson,1944-12-28,M,Methodist,republican,0,6,0,GA,,Senate,Republican
01640,400196,I000056,N00007017,,16553,"['H0CA48024', 'S8CA00135']",20107,Darrell Issa,90066,,Darrell,Issa,1953-11-01,M,,republican,0,9,0,CA,49,House,Republican
00588,400199,J000032,N00005818,,21692,['H4TX18054'],29573,Sheila Jackson Lee,36819,,Sheila,Jackson Lee,1950-01-12,F,Seventh Day Adventist,democrat,12,0,0,TX,18,House,Democrat
01921,412284,J000290,N00029077,,18594,['H8KS02090'],20915,Lynn Jenkins,1030550,,Lynn,Jenkins,1963-06-10,F,,republican,0,5,0,KS,2,House,Republican
02046,412460,J000292,N00032088,,120649,['H0OH06189'],21162,Bill Johnson (Ohio politician),623472,,Bill,Johnson,1954-11-10,M,,republican,0,4,0,OH,6,House,Republican
00599,400204,J000126,N00008122,,27098,['H2TX00015'],39305,Eddie Bernice Johnson,23352,,Eddie,Johnson,1935-12-03,F,Baptist,democrat,13,0,0,TX,30,House,Democrat
01843,412199,J000288,N00027848,,68070,['H6GA04129'],20712,Hank Johnson,1020576,,Henry,Johnson,1954-10-02,M,,democrat,6,0,0,GA,4,House,Democrat
02086,412496,J000293,N00032546,S345,126217,['S0WI00197'],41111,Ron Johnson (U.S. politician),62835,,Ron,Johnson,1955-04-08,M,,republican,0,2,0,WI,,Senate,Republican
00603,400206,J000174,N00008028,,27079,['H2TX03118'],29143,Sam Johnson,18711,,Sam,Johnson,1930-10-11,M,Methodist,republican,0,14,0,TX,3,House,Republican
00612,400209,J000255,N00002299,,21785,['H2NC01081'],29546,Walter B. Jones Jr.,36693,,Walter,Jones,1943-02-10,M,Catholic,republican,0,12,0,NC,3,House,Republican
01868,412226,J000289,N00027894,,8158,['H6OH04082'],20738,Jim Jordan (U.S. politician),1022879,,Jim,Jordan,1964-02-17,M,,republican,0,6,0,OH,4,House,Republican
00616,400211,K000009,N00003522,,27016,['H2OH09031'],15029,Marcy Kaptur,1458,,Marcy,Kaptur,1946-06-17,F,Roman Catholic,democrat,18,0,0,OH,9,House,Democrat
02025,412435,K000375,N00031933,,4743,['H0MA10082'],21140,Bill Keating (politician),61856,,William,Keating,1952-09-06,M,,democrat,4,0,0,MA,9,House,Democrat
02051,412465,K000376,N00031647,,119463,['H0PA03271'],21167,Mike Kelly (Pennsylvania politician),62696,,Mike,Kelly,1948-05-10,M,,republican,0,4,0,PA,3,House,Republican
01498,400218,K000188,N00004403,,630,['H6WI03099'],29769,Ron Kind,45870,,Ron,Kind,1963-03-16,M,Lutheran,democrat,11,0,0,WI,3,House,Democrat
00635,400219,K000210,N00001193,,26968,['H2NY03089'],29375,Peter T. King,26487,,Peter,King,1944-04-05,M,Roman Catholic,republican,0,13,0,NY,2,House,Republican
01724,400220,K000362,N00025237,,10853,['H2IA05072'],20325,Steve King,1003590,,Steve,King,1949-05-28,M,Roman Catholic,republican,0,8,0,IA,4,House,Republican
02014,412421,K000378,N00030667,,116559,['H0IL11052'],21128,Adam Kinzinger,62573,,Adam,Kinzinger,1978-02-27,M,,republican,0,4,0,IL,16,House,Republican
02011,412419,L000573,N00031377,,57391,['H0ID01253'],21125,Raúl Labrador,94987,,Raúl,Labrador,1967-12-08,M,,republican,0,4,0,ID,1,House,Republican
01834,412191,L000564,N00028133,,2698,['H6CO05159'],20704,Doug Lamborn,1022846,,Doug,Lamborn,1954-05-24,M,,republican,0,6,0,CO,5,House,Republican
01936,412290,L000567,N00000898,,4443,"['H6NJ12136', 'H8NJ07124']",20929,Leonard Lance,1031349,,Leonard,Lance,1952-06-25,M,,republican,0,5,0,NJ,7,House,Republican
01668,400230,L000559,N00009724,,55787,['H0RI02139'],20136,James Langevin,86608,,James,Langevin,1964-04-22,M,,democrat,9,0,0,RI,2,House,Democrat
02050,412464,L000575,N00031129,S378,124938,"['H0OK05114', 'S4OK00232']",21166,James Lankford,1033847,,James,Lankford,1968-03-04,M,,republican,0,4,0,OK,,Senate,Republican
01675,400232,L000560,N00009759,,56231,['H0WA02080'],20145,Rick Larsen,86610,,Rick,Larsen,1965-06-15,M,,democrat,9,0,0,WA,2,House,Democrat
01583,400233,L000557,N00000575,,17188,['H8CT01046'],29908,John B. Larson,36596,,John,Larson,1948-07-22,M,,democrat,10,0,0,CT,1,House,Democrat
01885,412256,L000566,N00012233,,9926,['H8OH05036'],20755,Bob Latta,1028071,,Robert,Latta,1956-04-18,M,,republican,0,6,0,OH,5,House,Republican
01383,300065,L000174,N00009918,S057,53353,['S4VT00017'],14307,Patrick Leahy,1552,,Patrick,Leahy,1940-03-31,M,Roman Catholic,democrat,8,0,0,VT,,Senate,Democrat
01501,400237,L000551,N00008046,,8315,['H8CA09060'],29778,Barbara Lee,54579,,Barbara,Lee,1946-07-16,F,Baptist,democrat,11,0,0,CA,13,House,Democrat
02080,412495,L000577,N00031696,S346,66395,['S0UT00165'],41110,Mike Lee (U.S. politician),9267977,,Mike,Lee,1971-06-04,M,,republican,0,2,0,UT,,Senate,Republican
00683,400238,L000263,N00003950,,26918,['H2MI17023'],15033,Sander Levin,251,,Sander,Levin,1931-09-06,M,Jewish,democrat,18,0,0,MI,9,House,Democrat
00688,400240,L000287,N00002577,,26820,['H6GA05217'],15431,John Lewis (Georgia politician),2528,,John,Lewis,1940-02-21,M,Baptist,democrat,16,0,0,GA,5,House,Democrat
01781,400630,L000563,N00027239,,33692,['H4IL03077'],20508,Dan Lipinski,1013046,,Daniel,Lipinski,1966-07-15,M,,democrat,7,0,0,IL,3,House,Democrat
00699,400244,L000554,N00000851,,21890,['H2NJ02037'],29539,Frank LoBiondo,30867,,Frank,LoBiondo,1946-05-12,M,Roman Catholic,republican,0,12,0,NJ,2,House,Republican
01846,412209,L000565,N00027741,,68964,['H6IA02146'],20720,Dave Loebsack,1022883,,David,Loebsack,1952-12-23,M,,democrat,6,0,0,IA,2,House,Democrat
00701,400245,L000397,N00007479,,21899,['H4CA16049'],29504,Zoe Lofgren,36520,,Zoe,Lofgren,1947-12-21,F,Lutheran,democrat,12,0,0,CA,19,House,Democrat
02033,412445,L000576,N00030676,,123401,['H0MO07113'],21150,Billy Long,61880,,Billy,Long,1955-08-11,M,,republican,0,4,0,MO,7,House,Republican
00709,400246,L000480,N00001024,,26982,['H8NY20056'],15612,Nita Lowey,6110,,Nita,Lowey,1937-07-05,F,Jewish,democrat,15,0,0,NY,17,House,Democrat
00711,400247,L000491,N00005559,,27032,['H4OK06056'],29393,Frank Lucas (Oklahoma politician),35692,,Frank,Lucas,1960-01-06,M,Baptist,republican,0,13,0,OK,3,House,Republican
01931,412292,L000569,N00030026,,20400,['H8MO09153'],20926,Blaine Luetkemeyer,1031348,,Blaine,Luetkemeyer,1952-05-07,M,,republican,0,5,0,MO,3,House,Republican
01939,412293,L000570,N00029562,,102842,['H8NM03196'],20932,Ben Ray Luján,1031351,,Ben,Luján,1972-06-07,M,,democrat,5,0,0,NM,3,House,Democrat
01686,400249,L000562,N00013855,,4844,"['H2MA09072', 'S0MA00083']",20119,Stephen F. Lynch,1000222,,Stephen,Lynch,1955-03-31,M,,democrat,9,0,0,MA,8,House,Democrat
00729,400251,M000087,N00000078,,26978,['H2NY14037'],29379,Carolyn Maloney,26162,,Carolyn,Maloney,1946-02-19,F,Presbyterian,democrat,13,0,0,NY,12,House,Democrat
01806,400656,M001158,N00026710,,5549,['H4TX24094'],20532,Kenny Marchant,1013059,,Kenny,Marchant,1951-02-23,M,Nazarene,republican,0,7,0,TX,24,House,Republican
02053,412468,M001179,N00031777,,119478,['H0PA10078'],21170,Tom Marino,95129,,Tom,Marino,1952-08-15,M,,republican,0,4,0,PA,10,House,Republican
00735,400253,M000133,N00000270,S369,26900,"['H6MA07101', 'S4MA00028']",14435,Ed Markey,260,,Edward,Markey,1946-07-11,M,Roman Catholic,democrat,22,0,0,MA,,Senate,Democrat
01814,400663,M001163,N00027459,,28593,['H6CA05195'],20538,Doris Matsui,26602,,Doris,Matsui,1944-09-25,F,,democrat,7,0,0,CA,6,House,Democrat
00754,300071,M000303,N00006424,S197,53270,"['S6AZ00019', 'P80002801']",15039,John McCain,7476,,John,McCain,1936-08-29,M,Episcopalian,republican,0,8,0,AZ,,Senate,Republican
01833,412190,M001165,N00028152,,28918,"['H6CA22125', 'H2CA23148']",20703,Kevin McCarthy (California politician),85231,,Kevin,McCarthy,1965-01-26,M,,republican,0,6,0,CA,23,House,Republican
01804,400654,M001157,N00026460,,49210,['H4TX10093'],20530,Michael McCaul,1013056,,Michael,McCaul,1962-01-14,M,Unknown,republican,0,7,0,TX,10,House,Republican
01908,412295,M001177,N00006863,,9715,"['H8CA04152', 'H6CA21135']",20903,Tom McClintock,30359,,Tom,McClintock,1956-07-10,M,,republican,0,5,0,CA,4,House,Republican
01653,400259,M001143,N00012942,,3812,['H0MN04049'],20122,Betty McCollum,86670,,Betty,McCollum,1954-07-12,F,Roman Catholic,democrat,9,0,0,MN,4,House,Democrat
01504,400263,M000312,N00000179,,552,['H4MA03022'],29729,Jim McGovern (U.S. politician),45976,,James,McGovern,1959-11-20,M,Catholic,democrat,11,0,0,MA,2,House,Democrat
01792,400644,M001156,N00026627,,21031,['H4NC10047'],20522,Patrick McHenry,1007062,,Patrick,McHenry,1975-10-22,M,,republican,0,7,0,NC,10,House,Republican
02074,412487,M001180,N00031681,,117396,['H0WV01072'],21188,David McKinley,9269013,,David,McKinley,1947-03-28,M,,republican,0,4,0,WV,1,House,Republican
01809,400659,M001159,N00026314,,3217,['H4WA05077'],20535,Cathy McMorris Rodgers,1013063,,Cathy,McMorris Rodgers,1969-05-22,F,,republican,0,7,0,WA,5,House,Republican
01832,412189,M001166,N00026926,,29474,['H4CA11081'],20702,Jerry McNerney,1021667,,Jerry,McNerney,1951-06-18,M,,democrat,6,0,0,CA,9,House,Democrat
02052,412466,M001181,N00031134,,119474,['H0PA07082'],21168,Pat Meehan,1033856,,Patrick,Meehan,1955-10-20,M,,republican,0,4,0,PA,7,House,Republican
01506,400271,M001137,N00001171,,4360,['H8NY06048'],29776,Gregory Meeks,53469,,Gregory,Meeks,1953-09-25,M,African Methodist Episcopal,democrat,11,0,0,NY,5,House,Democrat
01811,400661,M001160,N00026914,,3457,['H4WI04183'],20537,Gwen Moore,42548,,Gwen,Moore,1951-04-18,F,Unknown,democrat,7,0,0,WI,4,House,Democrat
01507,400284,M000934,N00005282,S347,542,"['H6KS01096', 'S0KS00091']",29722,Jerry Moran,45469,,Jerry,Moran,1954-05-29,M,Methodist,republican,0,9,0,KS,,Senate,Republican
02059,412474,M001182,N00031412,,60348,['H0SC05031'],21176,Mick Mulvaney,623510,,Mick,Mulvaney,1967-07-21,M,,republican,0,4,0,SC,5,House,Republican
01694,300075,M001153,N00026050,S288,15841,['S4AK00099'],40300,Lisa Murkowski,1004138,,Lisa,Murkowski,1957-05-22,F,Roman Catholic,republican,0,4,0,AK,,Senate,Republican
01837,412194,M001169,N00027566,S364,17189,"['H6CT05124', 'S2CT00132']",20707,Chris Murphy (Connecticut politician),1021270,,Christopher,Murphy,1973-08-03,M,,democrat,4,0,0,CT,,Senate,Democrat
01744,400285,M001151,N00024992,,9794,['H2PA18143'],20346,Timothy F. Murphy,1003612,,Tim,Murphy,1952-09-11,M,Roman Catholic,republican,0,8,0,PA,18,House,Republican
01409,300076,M001111,N00007876,S229,53358,['S2WA00189'],49308,Patty Murray,25277,,Patty,Murray,1950-10-11,F,Roman Catholic,democrat,5,0,0,WA,,Senate,Democrat
00850,400289,N000002,N00000939,,26980,['H2NY17071'],29377,Jerrold Nadler,26159,,Jerrold,Nadler,1947-06-13,M,Jewish,democrat,14,0,0,NY,10,House,Democrat
01602,400290,N000179,N00006789,,8393,['H8CA34068'],29903,Grace Napolitano,57873,,Grace,Napolitano,1936-12-04,F,Roman Catholic,democrat,10,0,0,CA,32,House,Democrat
00854,400291,N000015,N00000153,,26895,['H8MA02041'],15616,Richard Neal,6103,,Richard,Neal,1949-02-14,M,Roman Catholic,democrat,15,0,0,MA,1,House,Democrat
02060,412475,N000184,N00032022,,58189,['H0SD00054'],21177,Kristi Noem,62717,,Kristi,Noem,1971-11-30,F,,republican,0,4,0,SD,0,House,Republican
00868,400295,N000147,N00001692,,775,['H0DC00058'],,Eleanor Holmes Norton,882,,Eleanor,Norton,1937-06-13,F,Episcopalian,democrat,14,0,0,DC,0,House,Democrat
01710,400297,N000181,N00007248,,16725,['H8CA20059'],20307,Devin Nunes,1003553,,Devin,Nunes,1973-10-01,M,Roman Catholic,republican,0,8,0,CA,22,House,Republican
01955,412302,O000168,N00029285,,102008,['H8TX22107'],20948,Pete Olson,1031361,,Pete,Olson,1962-12-09,M,,republican,0,5,0,TX,22,House,Republican
02035,412443,P000601,N00031958,,69521,['H0MS04120'],21148,Steven Palazzo,61886,,Steven,Palazzo,1970-02-21,M,,republican,0,4,0,MS,4,House,Republican
00887,400308,P000034,N00000781,,26951,"['H8NJ03073', 'S6NJ00263']",15454,Frank Pallone,6107,,Frank,Pallone,1951-10-30,M,Catholic,democrat,16,0,0,NJ,6,House,Democrat
01510,400309,P000096,N00000751,,478,['H6NJ08118'],29741,Bill Pascrell,45543,,Bill,Pascrell,1937-01-25,M,Catholic,democrat,11,0,0,NJ,9,House,Democrat
02082,412492,P000603,N00030836,S348,117285,['S0KY00156'],41104,Rand Paul,9265241,,Rand,Paul,1963-01-07,M,,republican,0,2,0,KY,,Senate,Republican
01930,412303,P000594,N00029391,,3833,['H8MN03077'],20924,Erik Paulsen,1030000,,Erik,Paulsen,1965-05-14,M,,republican,0,5,0,MN,3,House,Republican
01738,400313,P000588,N00012672,,10655,"['H2NM02126', 'S0NM00041']",20337,Steve Pearce (politician),12063,,Stevan,Pearce,1947-08-24,M,,republican,0,7,0,NM,2,House,Republican
00905,400314,P000197,N00007360,,26732,['H8CA05035'],15448,Nancy Pelosi,6153,,Nancy,Pelosi,1940-03-26,F,Roman Catholic,democrat,16,0,0,CA,12,House,Democrat
01835,412192,P000593,N00027510,,2653,['H6CO07023'],20705,Ed Perlmutter,1021382,,Ed,Perlmutter,1953-05-01,M,,democrat,6,0,0,CO,7,House,Democrat
01929,412305,P000595,N00029277,S380,8749,"['H8MI09068', 'S4MI00355']",20923,Gary Peters (politician),50199,,Gary,Peters,1958-12-01,M,,democrat,4,0,0,MI,,Senate,Democrat
00910,400316,P000258,N00004558,,26926,['H2MN07014'],29127,Collin Peterson,23978,,Collin,Peterson,1944-06-29,M,Lutheran,democrat,14,0,0,MN,7,House,Democrat
01927,412307,P000597,N00013817,,6586,"['H8ME01120', 'S0ME00038']",20920,Chellie Pingree,1002167,,Chellie,Pingree,1955-04-02,F,,democrat,5,0,0,ME,1,House,Democrat
01802,400652,P000592,N00026457,,49198,['H4TX02108'],20528,Ted Poe,1011398,,Ted,Poe,1948-09-10,M,Unknown,republican,0,7,0,TX,2,House,Republican
01910,412308,P000598,N00029127,,106220,['H8CO02137'],20904,Jared Polis,1031300,,Jared,Polis,1975-05-12,M,,democrat,5,0,0,CO,2,House,Democrat
00924,400325,P000449,N00003682,S349,27008,"['S0OH00133', 'H4OH02032']",29386,Rob Portman,31819,,Robert,Portman,1955-12-19,M,Methodist,republican,0,9,0,OH,,Senate,Republican
01915,412309,P000599,N00029662,,24280,['H8FL15107'],20909,Bill Posey,88959,,Bill,Posey,1947-12-18,M,,republican,0,5,0,FL,8,House,Republican
00930,400326,P000523,N00002260,,119,['H6NC04037'],15438,David Price (U.S. politician),6748,,David,Price,1940-08-17,M,Baptist,democrat,15,0,0,NC,4,House,Democrat
01778,400626,P000591,N00026160,,11853,['H4GA06087'],20505,Tom Price (U.S. politician),1013044,,Tom,Price,1954-10-08,M,,republican,0,7,0,GA,6,House,Republican
01967,412331,Q000023,N00030581,,83310,['H0IL05096'],20954,Mike Quigley (politician),9263344,,Mike,Quigley,1958-10-17,M,,democrat,5,0,0,IL,5,House,Democrat
01982,412393,R000585,N00030949,,127046,['H0NY29054'],21101,Tom Reed (politician),623468,,Tom,Reed,1971-11-18,M,,republican,0,5,0,NY,23,House,Republican
01810,400660,R000578,N00026885,,51346,['H4WA08071'],20536,Dave Reichert,1013064,,David,Reichert,1950-08-29,M,,republican,0,7,0,WA,8,House,Republican
02048,412462,R000586,N00031127,,120678,['H0OH16097'],21164,Jim Renacci,62686,,James,Renacci,1958-12-03,M,,republican,0,4,0,OH,16,House,Republican
02023,412432,R000588,N00030184,,35384,['H8LA02054'],21137,Cedric Richmond,62391,,Cedric,Richmond,1973-09-13,M,,democrat,4,0,0,LA,2,House,Democrat
01986,412394,R000591,N00030768,,71604,['H0AL02087'],21192,Martha Roby,61712,,Martha,Roby,1976-07-27,F,,republican,0,4,0,AL,2,House,Republican
01954,412310,R000582,N00028463,,65306,['H6TN01388'],20947,Phil Roe (politician),1031360,,David,Roe,1945-07-21,M,,republican,0,5,0,TN,1,House,Republican
00977,400340,R000395,N00003473,,26875,['H0KY05015'],14854,Hal Rogers,6739,,Harold,Rogers,1937-12-31,M,Baptist,republican,0,19,0,KY,5,House,Republican
01704,400341,R000575,N00024759,,5705,['H2AL03032'],20301,Mike Rogers (Alabama politician),1014740,,Mike,Rogers,1958-07-16,M,,republican,0,8,0,AL,3,House,Republican
00979,400343,R000409,N00007151,,26763,['H8CA42061'],15621,Dana Rohrabacher,5590,,Dana,Rohrabacher,1947-06-21,M,Christian,republican,0,15,0,CA,48,House,Republican
02017,412426,R000592,N00031741,,34167,['H0IN04170'],21131,Todd Rokita,61832,,Todd,Rokita,1970-02-09,M,,republican,0,4,0,IN,4,House,Republican
01916,412311,R000583,N00029018,,107800,['H8FL16022'],20910,Tom Rooney (politician),1030486,,Thomas,Rooney,1970-11-21,M,,republican,0,5,0,FL,17,House,Republican
00985,400344,R000435,N00002858,,26815,['H0FL18025'],15634,Ileana Ros-Lehtinen,3206,,Ileana,Ros-Lehtinen,1952-07-15,F,Roman Catholic,republican,0,15,0,FL,27,House,Republican
01848,412202,R000580,N00004719,,6382,"['H6IL06117', 'H8IL13051']",20715,Peter Roskam,1021912,,Peter,Roskam,1961-09-13,M,,republican,0,6,0,IL,6,House,Republican
02003,412411,R000593,N00030645,,12813,['H0FL12101'],21117,Dennis A. Ross,62532,,Dennis,Ross,1959-10-18,M,,republican,0,4,0,FL,15,House,Republican
00997,400347,R000486,N00006671,,26766,['H2CA33048'],29317,Lucille Roybal-Allard,26136,,Lucille,Roybal-Allard,1941-06-12,F,Roman Catholic,democrat,13,0,0,CA,40,House,Democrat
00998,400348,R000487,N00008264,,26772,['H6CA39020'],29321,Ed Royce,28461,,Edward,Royce,1951-10-12,M,Roman Catholic,republican,0,13,0,CA,39,House,Republican
02084,412491,R000595,N00030612,S350,1601,['S0FL00338'],41102,Marco Rubio,87599,,Marco,Rubio,1971-05-28,M,,republican,0,2,0,FL,,Senate,Republican
01728,400349,R000576,N00025482,,36130,['H2MD02160'],20329,Dutch Ruppersberger,49155,,C.,Ruppersberger,1946-01-31,M,Methodist,democrat,8,0,0,MD,2,House,Democrat
01003,400350,R000515,N00004887,,26831,['H2IL01042'],29346,Bobby Rush,26127,,Bobby,Rush,1946-11-23,M,Protestant,democrat,13,0,0,IL,1,House,Democrat
01560,400351,R000570,N00004357,,26344,['H8WI01024'],29939,Paul Ryan,57970,,Paul,Ryan,1970-01-29,M,Roman Catholic,republican,0,10,0,WI,1,House,Republican
01756,400352,R000577,N00025280,,45638,['H2OH17109'],20343,Tim Ryan (politician),1003608,,Tim,Ryan,1973-07-16,M,Roman Catholic,democrat,8,0,0,OH,13,House,Democrat
01962,412312,S001177,N00030418,,110903,['H8MP00041'],,Gregorio Sablan,1031366,,Gregorio,Sablan,1955-01-19,M,,democrat,4,0,1,MP,0,House,Democrat
01854,412212,S001168,N00027751,,66575,['H6MD03292'],20724,John Sarbanes,1022884,,John,Sarbanes,1962-05-22,M,,democrat,6,0,0,MD,3,House,Democrat
01892,412261,S001176,N00009660,,9026,['H0LA01087'],20759,Steve Scalise,1015311,,Steve,Scalise,1965-10-06,M,,republican,0,6,0,LA,1,House,Republican
01588,400360,S001145,N00004724,,6387,['H8IL09067'],29911,Jan Schakowsky,57874,,Janice,Schakowsky,1944-05-26,F,Jewish,democrat,10,0,0,IL,9,House,Democrat
01635,400361,S001150,N00009585,,9489,['H0CA27085'],20104,Adam Schiff,90167,,Adam,Schiff,1960-06-22,M,,democrat,9,0,0,CA,28,House,Democrat
01950,412315,S001180,N00030071,,10813,['H8OR05107'],20944,Kurt Schrader,1031358,,Kurt,Schrader,1951-10-19,M,,democrat,5,0,0,OR,5,House,Democrat
01036,300087,S000148,N00001093,S270,26976,"['S8NY00082', 'H0NY16010']",14858,Chuck Schumer,5929,,Charles,Schumer,1950-11-23,M,Jewish,democrat,13,0,0,NY,,Senate,Democrat
01994,412399,S001183,N00006460,,106387,"['H4AZ06045', 'H8AZ05097']",21105,David Schweikert,5205,,David,Schweikert,1962-03-03,M,,republican,0,4,0,AZ,6,House,Republican
02009,412417,S001189,N00032457,,11812,['H0GA08099'],21123,Austin Scott (politician),623344,,Austin,Scott,1969-12-10,M,,republican,0,4,0,GA,8,House,Republican
01722,400363,S001157,N00024871,,7826,['H2GA13012'],20321,David Scott (Georgia politician),1003567,,David,Scott,1945-06-27,M,Baptist,democrat,8,0,0,GA,13,House,Democrat
01037,400364,S000185,N00002147,,27117,['H6VA01117'],39307,Bobby Scott (politician),25888,,Robert,Scott,1947-04-30,M,Episcopalian,democrat,13,0,0,VA,3,House,Democrat
02056,412471,S001184,N00031782,S365,11940,"['H0SC01279', 'S4SC00240']",21173,Tim Scott,623506,,Tim,Scott,1965-09-19,M,,republican,0,4,0,SC,,Senate,Republican
01041,400365,S000244,N00004291,,27142,['H8WI09050'],14657,Jim Sensenbrenner,1507,,F.,Sensenbrenner,1943-06-14,M,Episcopalian,republican,0,20,0,WI,5,House,Republican
01042,400366,S000248,N00001813,,26981,['H0NY18065'],29134,José E. Serrano,14306,,José,Serrano,1943-10-24,M,Roman Catholic,democrat,15,0,0,NY,15,House,Democrat
01525,400367,S000250,N00005681,,288,['H2TX03126'],29759,Pete Sessions,36807,,Pete,Sessions,1955-03-22,M,Methodist,republican,0,11,0,TX,32,House,Republican
01988,412396,S001185,N00030622,,121621,['H0AL07086'],21102,Terri Sewell,623257,,Terri,Sewell,1965-01-01,F,,democrat,4,0,0,AL,7,House,Democrat
01049,300089,S000320,N00009920,S184,53266,['S6AL00013'],14659,Richard Shelby,1859,,Richard,Shelby,1934-05-06,M,Presbyterian,republican,5,5,0,AL,,Senate,Republican
01526,400371,S000344,N00006897,,142,['H6CA24113'],29707,Brad Sherman,45124,,Brad,Sherman,1954-10-24,M,Jewish,democrat,11,0,0,CA,30,House,Democrat
01527,400373,S000364,N00004961,,246,['H2IL20042'],29718,John Shimkus,30623,,John,Shimkus,1958-02-21,M,Lutheran,republican,0,11,0,IL,15,House,Republican
01681,409888,S001154,N00013770,,55693,['H2PA09035'],20134,Bill Shuster,89108,,Bill,Shuster,1961-01-10,M,,republican,0,9,0,PA,9,House,Republican
01590,400376,S001148,N00006263,,2917,['H8ID02064'],29910,Mike Simpson,57889,,Michael,Simpson,1950-09-08,M,Latter Day Saints,republican,0,10,0,ID,2,House,Republican
01818,412186,S001165,N00027523,,22510,['H6NJ13191'],20542,Albio Sires,1022293,,Albio,Sires,1951-01-26,M,,democrat,7,0,0,NJ,8,House,Democrat
01069,400378,S000480,N00001311,,26991,['H6NY03031'],15444,Louise Slaughter,1755,,Louise,Slaughter,1929-08-14,F,Episcopalian,democrat,16,0,0,NY,25,House,Democrat
01528,400379,S000510,N00007833,,845,['H6WA09025'],29768,Adam Smith (politician),44329,,Adam,Smith,1965-06-15,M,Christian,democrat,11,0,0,WA,9,House,Democrat
01860,412217,S001172,N00027623,,21284,['H6NE03115'],20729,Adrian Smith (politician),1022845,,Adrian,Smith,1970-12-19,M,,republican,0,6,0,NE,3,House,Republican
01071,400380,S000522,N00009816,,26952,['H8NJ04014'],14863,Chris Smith (New Jersey politician),6411,,Christopher,Smith,1953-03-04,M,Roman Catholic,republican,0,19,0,NJ,4,House,Republican
01075,400381,S000583,N00001811,,27097,['H6TX21012'],15445,Lamar S. Smith,8884,,Lamar,Smith,1947-11-19,M,Christian Scientist,republican,0,16,0,TX,21,House,Republican
01890,412259,S001175,N00029649,,8425,['H8CA12171'],20762,Jackie Speier,1027627,,Jackie,Speier,1950-05-14,F,,democrat,6,0,0,CA,14,House,Democrat
02047,412461,S001187,N00029574,,45333,['H8OH15076'],21163,Steve Stivers,62320,,Steve,Stivers,1965-03-24,M,,republican,0,4,0,OH,15,House,Republican
01757,400355,S001156,N00024870,,29674,['H2CA39078'],20310,Linda Sánchez,1003554,,Linda,Sánchez,1969-01-28,F,Roman Catholic,democrat,8,0,0,CA,38,House,Democrat
01151,400402,T000193,N00003288,,26929,['H4MS02068'],29368,Bennie Thompson,7304,,Bennie,Thompson,1948-01-28,M,Methodist,democrat,13,0,0,MS,2,House,Democrat
01593,400403,T000460,N00007419,,3564,['H8CA01109'],29901,Mike Thompson (California politician),57872,,Mike,Thompson,1951-01-24,M,Catholic,democrat,10,0,0,CA,5,House,Democrat
01952,412317,T000467,N00029736,,24046,['H8PA05071'],20946,Glenn Thompson (politician),1031359,,Glenn,Thompson,1959-07-27,M,,republican,0,5,0,PA,5,House,Republican
01155,400404,T000238,N00006052,,21706,['H4TX13014'],29572,Mac Thornberry,36814,,Mac,Thornberry,1958-07-15,M,Presbyterian,republican,0,12,0,TX,13,House,Republican
01534,400546,T000250,N00004572,S303,398,"['S2SD00068', 'H6SD00085']",29754,John Thune,45552,,John,Thune,1961-01-07,M,,republican,0,6,0,SD,,Senate,Republican
01664,400406,T000462,N00009699,,8404,['H0OH12062'],20130,Pat Tiberi,88155,,Patrick,Tiberi,1962-10-21,M,Catholic,republican,0,9,0,OH,12,House,Republican
01997,412405,T000470,N00027509,,65403,['H6CO03139'],21111,Scott Tipton,60384,,Scott,Tipton,1956-11-09,M,,republican,0,4,0,CO,3,House,Republican
01942,412319,T000469,N00030196,,4403,['H8NY21203'],20934,Paul Tonko,1031353,,Paul,Tonko,1949-06-18,M,,democrat,5,0,0,NY,20,House,Democrat
02085,400408,T000461,N00001489,S351,24096,"['S4PA00121', 'H8PA15096']",29935,Pat Toomey,7958,,Patrick,Toomey,1961-11-17,M,,republican,0,5,0,PA,,Senate,Republican
01884,412254,T000465,N00029026,,89417,['H8MA05143'],20754,Niki Tsongas,21764,,Niki,Tsongas,1946-04-26,F,,democrat,6,0,0,MA,3,House,Democrat
01741,400411,T000463,N00025175,,45519,"['H2OH03067', 'H2OH03091']",20342,Mike Turner,1003607,,Michael,Turner,1960-01-11,M,,republican,0,8,0,OH,10,House,Republican
01177,400414,U000031,N00004133,,26906,['H6MI04113'],15446,Fred Upton,12127,,Fred,Upton,1953-04-23,M,Protestant,republican,0,16,0,MI,6,House,Republican
01729,400415,V000128,N00013820,S390,6098,"['H2MD08126', 'S6MD03441']",20330,Chris Van Hollen,20756,,Chris,Van Hollen,1959-01-10,M,Episcopalian,democrat,8,0,0,MD,,Senate,Democrat
01184,400416,V000081,N00001102,,26975,['H2NY00010'],29378,Nydia Velázquez,26160,,Nydia,Velázquez,1953-03-28,F,Roman Catholic,democrat,13,0,0,NY,7,House,Democrat
01188,400417,V000108,N00003813,,26851,['H4IN01012'],15124,Pete Visclosky,6785,,Peter,Visclosky,1949-08-13,M,Roman Catholic,democrat,17,0,0,IN,1,House,Democrat
01855,412213,W000798,N00026368,,8618,['H4MI07103'],20725,Tim Walberg,1022844,,Tim,Walberg,1951-04-12,M,,republican,0,5,0,MI,7,House,Republican
01596,400419,W000791,N00007690,,2979,['H6OR02116'],29932,Greg Walden,57892,,Greg,Walden,1957-01-10,M,Episcopalian,republican,0,10,0,OR,2,House,Republican
01856,412214,W000799,N00027467,,65443,['H6MN01174'],20726,Tim Walz,1018510,,Timothy,Walz,1964-04-06,M,,democrat,6,0,0,MN,1,House,Democrat
01777,400623,W000797,N00026106,,24301,['H4FL20023'],20504,Debbie Wasserman Schultz,86882,,Debbie,Wasserman Schultz,1966-09-27,F,Jewish,democrat,7,0,0,FL,23,House,Democrat
01205,400422,W000187,N00006690,,26759,['H4CA23011'],29106,Maxine Waters,1953,,Maxine,Waters,1938-08-15,F,Christian,democrat,14,0,0,CA,43,House,Democrat
02002,412410,W000806,N00026335,,24302,"['H0FL08208', 'S4FL00256']",21116,Daniel Webster (Florida politician),30504,,Daniel,Webster,1949-04-27,M,,republican,0,4,0,FL,11,House,Republican
01879,412239,W000800,N00000515,,51272,"['H6VT00160', 'H8VT00034']",20750,Peter Welch,1019990,,Peter,Welch,1947-05-02,M,,democrat,6,0,0,VT,0,House,Democrat
01688,400433,W000795,N00024809,,3985,['H2SC02059'],20138,Joe Wilson (U.S. politician),1002567,,Joe,Wilson,1947-07-31,M,Presbyterian,republican,0,9,0,SC,2,House,Republican
02004,412412,W000808,N00030650,,17319,['H0FL17068'],21118,Frederica Wilson,87016,,Frederica,Wilson,1942-11-05,F,,democrat,4,0,0,FL,24,House,Democrat
01886,412255,W000804,N00029459,,58133,['H8VA01147'],20756,Rob Wittman,1028089,,Robert,Wittman,1959-02-03,M,Episcopalian,republican,0,6,0,VA,1,House,Republican
01991,412402,W000809,N00031857,,71815,['H0AR03055'],21108,Steve Womack,1033625,,Steve,Womack,1957-02-18,M,,republican,0,4,0,AR,3,House,Republican
02008,412416,W000810,N00032416,,122251,['H0GA07133'],21122,Rob Woodall,623342,,Rob,Woodall,1970-02-11,M,,republican,0,4,0,GA,7,House,Republican
01247,300100,W000779,N00007724,S247,27036,"['S6OR00110', 'H0OR03026']",14871,Ron Wyden,1962,,Ron,Wyden,1949-05-03,M,Jewish,democrat,13,0,0,OR,,Senate,Democrat
01853,412211,Y000062,N00028073,,58579,['H6KY03124'],20723,John Yarmuth,1021662,,John,Yarmuth,1947-11-04,M,,democrat,6,0,0,KY,3,House,Democrat
02021,412430,Y000063,N00031502,,34433,['H0KS03137'],21135,Kevin Yoder,61843,,Kevin,Yoder,1976-01-08,M,,republican,0,4,0,KS,3,House,Republican
01256,400440,Y000033,N00007999,,26717,['H6AK00045'],14066,Don Young,1897,,Don,Young,1933-06-09,M,Episcopalian,republican,0,23,0,AK,0,House,Republican
02019,412428,Y000064,N00030670,S391,120345,"['H0IN09070', 'S6IN00191']",21133,Todd Young,1033743,,Todd,Young,1972-08-24,M,,republican,0,4,0,IN,,Senate,Republican
01863,412218,H001041,N00027522,S352,2291,"['H6NV02164', 'S2NV00183']",20730,Dean Heller,1012368,,Dean,Heller,1960-05-10,M,,republican,0,5,0,NV,,Senate,Republican
02090,412500,A000369,N00031177,,12537,"['H2NV02395', 'H1NV02017', 'S0NV00237']",21196,Mark Amodei,62817,,Mark,Amodei,1958-06-12,M,,republican,0,4,0,NV,2,House,Republican
02092,412501,B001278,N00033474,,59641,['H2OR01133'],21198,Suzanne Bonamici,63966,,Suzanne,Bonamici,1954-10-14,F,,democrat,4,0,0,OR,1,House,Democrat
02096,412505,D000617,N00030693,,126272,['H0WA08046'],31101,Suzan DelBene,1033929,,Suzan,DelBene,1962-02-17,F,,democrat,4,0,0,WA,1,House,Democrat
02094,412503,M001184,N00034041,,132068,['H2KY04121'],31102,Thomas Massie,79951,,Thomas,Massie,1971-01-13,M,,republican,0,4,0,KY,4,House,Republican
02097,412506,P000604,N00034639,,90668,['H2NJ10154'],31103,Donald Payne Jr.,65639,,Donald,Payne,1958-12-17,M,,democrat,4,0,0,NJ,10,House,Democrat
02173,412507,S001194,N00028138,S353,17852,"['S4HI00136', 'H6HI02244']",41112,Brian Schatz,87784,,Brian,Schatz,1972-10-20,M,,democrat,3,0,0,HI,,Senate,Democrat
01888,412257,F000454,N00029139,,101632,"['H8IL14067', 'H2IL11124']",20749,Bill Foster (politician),1027346,,Bill,Foster,1955-10-07,M,,democrat,5,0,0,IL,11,House,Democrat
01940,412318,T000468,N00030191,,2629,['H8NV03036'],20927,Dina Titus,1021622,,Dina,Titus,1950-05-23,F,,democrat,4,0,0,NV,1,House,Democrat
02098,412508,C001095,N00033363,S374,135651,"['H2AR04083', 'S4AR00103']",21301,Tom Cotton,63928,,Tom,Cotton,1977-05-13,M,,republican,0,2,0,AR,,Senate,Republican
02099,412509,S001191,N00033983,,28338,['H2AZ09019'],21300,Kyrsten Sinema,68489,,Kyrsten,Sinema,1976-07-12,F,,democrat,3,0,0,AZ,9,House,Democrat
02100,412510,L000578,N00033987,,29713,"['H2CA02142', 'H2CA01144']",21302,Doug LaMalfa,68493,,Doug,LaMalfa,1960-07-02,M,,republican,0,3,0,CA,1,House,Republican
02101,412511,H001068,N00033030,,59849,['H2CA06259'],21303,Jared Huffman,622431,,Jared,Huffman,1964-02-18,M,,democrat,3,0,0,CA,2,House,Democrat
02102,412512,B001287,N00030717,,120030,['H0CA03078'],21304,Ami Bera,1033636,,Ami,Bera,1965-03-02,M,,democrat,3,0,0,CA,7,House,Democrat
02103,412513,C001094,N00034224,,58121,['H2CA08164'],21305,Paul Cook (politician),68278,,Paul,Cook,1943-03-03,M,,republican,0,3,0,CA,8,House,Republican
02104,412514,S001193,N00033508,,129529,['H2CA15094'],21306,Eric Swalwell,79729,,Eric,Swalwell,1980-11-16,M,,democrat,3,0,0,CA,15,House,Democrat
02105,412515,V000129,N00033367,,120200,['H2CA20094'],21307,David Valadao,623702,,David,Valadao,1977-04-14,M,,republican,0,3,0,CA,21,House,Republican
02106,412516,B001285,N00034254,,59904,['H2CA00120'],21308,Julia Brownley,79783,,Julia,Brownley,1952-08-28,F,,democrat,3,0,0,CA,26,House,Democrat
02107,412517,C001097,N00033373,,9754,['H2CA28113'],21309,Tony Cárdenas,63934,,Tony,Cárdenas,1963-03-31,M,,democrat,3,0,0,CA,29,House,Democrat
02109,412519,R000599,N00033510,,136407,['H2CA36439'],21311,Raul Ruiz (politician),79727,,Raul,Ruiz,1972-08-25,M,,democrat,3,0,0,CA,36,House,Democrat
02110,412520,T000472,N00006701,,22337,['H2CA43245'],21312,Mark Takano,2737,,Mark,Takano,1960-12-10,M,,democrat,3,0,0,CA,41,House,Democrat
02111,412521,L000579,N00033274,,16469,['H2CA00104'],21313,Alan Lowenthal,93815,,Alan,Lowenthal,1941-03-08,M,,democrat,3,0,0,CA,47,House,Democrat
02112,412522,V000130,N00007021,,29100,['H2CA50026'],21314,Juan Vargas,8297,,Juan,Vargas,1961-03-07,M,,democrat,3,0,0,CA,51,House,Democrat
02113,412523,P000608,N00033591,,70351,['H2CA52089'],21315,Scott Peters (politician),79661,,Scott,Peters,1958-06-17,M,,democrat,3,0,0,CA,52,House,Democrat
02114,412524,E000293,N00033217,,72826,['H2CT05131'],21316,Elizabeth Esty,1020906,,Elizabeth,Esty,1959-08-25,F,,democrat,3,0,0,CT,5,House,Democrat
02115,412525,Y000065,N00033220,,137622,['H2FL06109'],21317,Ted Yoho,63943,,Ted,Yoho,1955-04-13,M,,republican,0,3,0,FL,3,House,Republican
02116,412526,D000621,N00034746,,137630,['H2FL00292'],21318,Ron DeSantis,79744,,Ron,DeSantis,1978-09-14,M,,republican,0,3,0,FL,6,House,Republican
02119,412529,F000462,N00002893,,8102,"['H2FL14053', 'H2FL22080']",21321,Lois Frankel,623714,,Lois,Frankel,1948-05-16,F,,democrat,3,0,0,FL,21,House,Democrat
02121,412531,C001093,N00033518,,67851,['H2GA09150'],21323,Doug Collins (politician),79719,,Doug,Collins,1966-08-16,M,,republican,0,3,0,GA,9,House,Republican
02122,412532,G000571,N00033281,,129306,['H2HI02508'],21324,Tulsi Gabbard,1025291,,Tulsi,Gabbard,1981-04-12,F,,democrat,3,0,0,HI,2,House,Democrat
02123,412533,D000622,N00027860,S386,57442,"['H6IL06141', 'S6IL00292']",21325,Tammy Duckworth,94484,,Tammy,Duckworth,1968-03-12,F,,democrat,3,0,0,IL,,Senate,Democrat
02126,412536,D000619,N00034784,,9622,['H2IL13120'],21328,Rodney Davis (politician),68337,,Rodney,Davis,1970-01-05,M,,republican,0,3,0,IL,13,House,Republican
02127,412537,B001286,N00033390,,134964,['H2IL17071'],21329,Cheri Bustos,63949,,Cheri,Bustos,1961-10-17,F,,democrat,3,0,0,IL,17,House,Democrat
02128,412538,W000813,N00031226,,34205,['H0IN02190'],21330,Jackie Walorski,95005,,Jackie,Walorski,1963-08-17,F,,republican,0,3,0,IN,2,House,Republican
02129,412539,B001284,N00033495,,135988,['H2IN05082'],21331,Susan Brooks,623720,,Susan,Brooks,1960-08-25,F,,republican,0,3,0,IN,5,House,Republican
02130,412540,M001189,N00012546,,33997,"['H0IN02125', 'H0IN05094']",21332,Luke Messer,11245,,Luke,Messer,1969-02-27,M,,republican,0,3,0,IN,6,House,Republican
02131,412541,B001282,N00031233,,117290,['H0KY06104'],21333,Andy Barr (U.S. politician),61848,,Garland,Barr,1973-07-24,M,,republican,0,3,0,KY,6,House,Republican
02182,412542,W000817,N00033492,S366,141272,['S2MA00170'],41301,Elizabeth Warren,1023023,,Elizabeth,Warren,1949-06-22,F,,democrat,1,0,0,MA,,Senate,Democrat
02172,412543,K000379,N00034044,,141275,['H2MA04073'],21335,Joseph P. Kennedy III,79948,,Joseph,Kennedy,1980-10-04,M,,democrat,3,0,0,MA,4,House,Democrat
02133,412544,D000620,N00033897,,135143,['H2MD06195'],21334,John Delaney (Maryland politician),68432,,John,Delaney,1963-04-16,M,,democrat,3,0,0,MD,6,House,Democrat
02185,412545,K000383,N00034580,S363,22381,['S2ME00109'],41300,Angus King,37413,,Angus,King,1944-03-31,M,,other,0,0,1,ME,,Senate,Independent
02134,412546,K000380,N00033395,,136102,['H2MI05119'],21372,Dan Kildee,623723,,Daniel,Kildee,1958-08-11,M,,democrat,3,0,0,MI,5,House,Democrat
00867,408211,N000127,N00021207,,138505,['H2MN08111'],14263,Rick Nolan,1001760,,Richard,Nolan,1943-12-17,M,,democrat,6,0,0,MN,8,House,Democrat
02137,412548,W000812,N00033106,,136083,['H2MO02102'],21337,Ann Wagner,82702,,Ann,Wagner,1962-09-13,F,,republican,0,3,0,MO,2,House,Republican
02138,412549,D000618,N00033054,S375,135720,"['H2MT01060', 'S2MT00096']",21338,Steve Daines,1034037,,Steve,Daines,1962-08-20,M,,republican,0,2,0,MT,,Senate,Republican
02140,412550,H001067,N00033630,,136448,['H2NC08185'],21346,Richard Hudson (U.S. politician),79622,,Richard,Hudson,1971-11-04,M,,republican,0,3,0,NC,8,House,Republican
02141,412551,P000606,N00034416,,41272,['H2NC09134'],21347,Robert Pittenger,9265861,,Robert,Pittenger,1948-08-15,M,,republican,0,3,0,NC,9,House,Republican
02142,412552,M001187,N00033631,,136459,['H2NC11080'],21348,Mark Meadows (North Carolina politician),79621,,Mark,Meadows,1959-07-28,M,,republican,0,3,0,NC,11,House,Republican
02143,412553,H001065,N00033399,,136462,['H2NC13110'],21349,George Holding,623728,,George,Holding,1968-04-17,M,,republican,0,3,0,NC,2,House,Republican
02174,412554,H001069,N00033782,S360,41716,['S2ND00099'],41303,Heidi Heitkamp,95414,,Heidi,Heitkamp,1955-10-30,F,,democrat,1,0,0,ND,,Senate,Democrat
02144,412555,C001096,N00004614,,444,"['H0ND01026', 'H6ND00074']",21350,Kevin Cramer,7600,,Kevin,Cramer,1961-01-21,M,,republican,0,3,0,ND,0,House,Republican
02179,412556,F000463,N00033443,S357,41963,['S2NE00094'],41302,Deb Fischer,1034067,,Deb,Fischer,1951-03-01,F,,republican,0,1,0,NE,,Senate,Republican
02145,412557,K000382,N00030875,,122256,['H0NH02181'],21340,Ann McLane Kuster,62650,,Ann,Kuster,1956-09-05,F,,democrat,3,0,0,NH,2,House,Democrat
02146,412558,L000580,N00029400,,102404,['H8NM01257'],21341,Michelle Lujan Grisham,94791,,Michelle,Lujan Grisham,1959-10-24,F,,democrat,3,0,0,NM,1,House,Democrat
02148,412560,M001188,N00034547,,69157,['H2NY06116'],21342,Grace Meng,68411,,Grace,Meng,1975-10-01,F,,democrat,3,0,0,NY,6,House,Democrat
02149,412561,J000294,N00033640,,55285,['H2NY10092'],21343,Hakeem Jeffries,79612,,Hakeem,Jeffries,1970-08-04,M,,democrat,3,0,0,NY,8,House,Democrat
02150,412562,M001185,N00034277,,139760,['H2NY22139'],21344,Sean Patrick Maloney,79760,,Sean,Maloney,1966-07-30,M,,democrat,3,0,0,NY,18,House,Democrat
02151,412563,C001092,N00001285,,139770,['H8NY29032'],21345,Chris Collins (U.S. politician),94144,,Chris,Collins,1950-05-20,M,,republican,0,3,0,NY,27,House,Republican
02152,412564,W000815,N00033310,,135326,['H2OH02085'],21351,Brad Wenstrup,1034044,,Brad,Wenstrup,1958-06-17,M,,republican,0,3,0,OH,2,House,Republican
02153,412565,B001281,N00033904,,2427,['H2OH03125'],21352,Joyce Beatty,67294,,Joyce,Beatty,1950-03-12,F,,democrat,3,0,0,OH,3,House,Democrat
02154,412566,J000295,N00035007,,143052,['H2OH14064'],21353,David Joyce (politician),68561,,David,Joyce,1957-03-17,M,,republican,0,3,0,OH,14,House,Republican
02155,412567,B001283,N00033532,,135894,['H2OK01143'],21354,Jim Bridenstine,79705,,Jim,Bridenstine,1975-06-15,M,,republican,0,3,0,OK,1,House,Republican
02156,412568,M001190,N00033410,,135898,['H2OK02083'],21355,Markwayne Mullin,1034045,,Markwayne,Mullin,1977-07-26,M,,republican,0,3,0,OK,2,House,Republican
02157,412569,P000605,N00034120,,59980,['H2PA04135'],21356,Scott Perry (politician),79873,,Scott,Perry,1962-05-27,M,,republican,0,3,0,PA,4,House,Republican
02158,412570,R000598,N00031253,,119466,['H0PA04220'],21357,Keith Rothfus,61949,,Keith,Rothfus,1962-04-25,M,,republican,0,3,0,PA,12,House,Republican
02159,412571,C001090,N00034128,,136236,['H2PA17079'],21358,Matt Cartwright,79865,,Matthew,Cartwright,1961-05-01,M,,democrat,3,0,0,PA,17,House,Democrat
02160,412572,R000597,N00033832,,132382,['H2SC07066'],21359,Tom Rice,79473,,Tom,Rice,1957-08-04,M,,republican,0,3,0,SC,7,House,Republican
02175,412573,C001098,N00033085,S355,135705,['S2TX00312'],41304,Ted Cruz,1019953,,Ted,Cruz,1970-12-22,M,,republican,0,1,0,TX,,Senate,Republican
02161,412574,W000814,N00033539,,102026,['H2TX14149'],21360,Randy Weber,79698,,Randy,Weber,1953-07-02,M,,republican,0,3,0,TX,14,House,Republican
02162,412575,O000170,N00033540,,78533,['H2TX16185'],21361,Beto O'Rourke,79697,,Beto,O'Rourke,1972-09-26,M,,democrat,3,0,0,TX,16,House,Democrat
02163,412576,C001091,N00033316,,49227,['H2TX35011'],21362,Joaquín Castro,63974,,Joaquin,Castro,1974-09-16,M,,democrat,3,0,0,TX,20,House,Democrat
02165,412578,W000816,N00030602,,50112,"['H2TX33040', 'S2TX00270']",21364,Roger Williams (U.S. politician),623742,,Roger,Williams,1949-09-13,M,,republican,0,3,0,TX,25,House,Republican
02166,412579,V000131,N00033839,,49671,['H2TX33073'],21365,Marc Veasey,79466,,Marc,Veasey,1971-01-03,M,,democrat,3,0,0,TX,33,House,Democrat
02167,412580,V000132,N00034349,,137719,['H2TX27190'],21366,Filemon Vela Jr.,95434,,Filemon,Vela,1963-02-13,M,,democrat,3,0,0,TX,34,House,Democrat
02168,412581,S001192,N00033932,,135930,['H2UT02324'],21367,Chris Stewart (politician),68466,,Chris,Stewart,1960-07-15,M,,republican,0,3,0,UT,2,House,Republican
02176,412582,K000384,N00033177,S362,50772,['S2VA00142'],41305,Tim Kaine,49219,,Timothy,Kaine,1958-02-26,M,,democrat,1,0,0,VA,,Senate,Democrat
02169,412583,K000381,N00034453,,51516,['H2WA06129'],21368,Derek Kilmer,68310,,Derek,Kilmer,1974-01-01,M,,democrat,3,0,0,WA,6,House,Democrat
02170,412584,H001064,N00031557,,126058,['H0WA03161'],21369,Dennis Heck,9269006,,Denny,Heck,1952-07-29,M,,democrat,3,0,0,WA,10,House,Democrat
02171,412585,P000607,N00033549,,26238,['H2WI02124'],21370,Mark Pocan,79688,,Mark,Pocan,1964-08-14,M,,democrat,3,0,0,WI,2,House,Democrat
02190,412595,K000385,N00035215,,33384,['H2IL02172'],21371,Robin Kelly,70399,,Robin,Kelly,1956-04-30,F,,democrat,3,0,0,IL,2,House,Democrat
01012,400607,S000051,N00002424,,21991,['H4SC01073'],29565,Mark Sanford,6513,,Marshall,Sanford,1960-05-28,M,,republican,0,6,0,SC,1,House,Republican
02191,412596,S001195,N00035282,,59318,['H4MO08162'],21373,Jason T. Smith,71083,,Jason,Smith,1980-06-16,M,,republican,0,3,0,MO,8,House,Republican
02194,412598,B001288,N00035267,S370,76151,['S4NJ00185'],,Cory Booker,84679,,Cory,Booker,1969-04-27,M,,democrat,2,0,0,NJ,,Senate,Democrat
02196,412600,C001101,N00035278,,35858,['H4MA05084'],,Katherine Clark,73178,,Katherine,Clark,1963-07-17,F,,democrat,3,0,0,MA,5,House,Democrat
02197,412601,B001289,N00035380,,27584,['H4AL01123'],,Bradley Byrne,73486,,Bradley,Byrne,1955-02-16,M,,republican,0,3,0,AL,1,House,Republican
02203,412605,B001290,N00036013,,152270,['H4VA07143'],,Dave Brat,75248,,David,Brat,1964-07-27,M,,republican,0,3,0,VA,7,House,Republican
02202,412606,N000188,N00036154,,116277,['H4NJ01084'],,Donald Norcross,76311,,Donald,Norcross,1958-12-13,M,,democrat,3,0,0,NJ,1,House,Democrat
02201,412607,A000370,N00035451,,5935,['H4NC12100'],,Alma Adams,76386,,Alma,Adams,1946-05-27,F,,democrat,3,0,0,NC,12,House,Democrat
02221,412608,P000609,N00035691,,146274,['H4AL06098'],,Gary Palmer (politician),,,Gary,Palmer,1954-05-14,M,,republican,0,2,0,AL,6,House,Republican
02223,412609,H001072,N00035792,,146290,['H4AR02141'],,French Hill (politician),,,French,Hill,1956-12-05,M,,republican,0,2,0,AR,2,House,Republican
02224,412610,W000821,N00035527,,119120,['H4AR04048'],,Bruce Westerman,,,Bruce,Westerman,1967-11-18,M,,republican,0,2,0,AR,4,House,Republican
02225,412611,M001197,N00033982,,137299,['H2AZ08102'],,Martha McSally,,,Martha,McSally,1966-03-22,F,,republican,0,2,0,AZ,2,House,Republican
02226,412612,G000574,N00036097,,,['H4AZ07043'],,Ruben Gallego,,,Ruben,Gallego,1979-11-20,M,,democrat,2,0,0,AZ,7,House,Democrat
02227,412613,D000623,N00030709,,,['H0CA10073'],,Mark DeSaulnier,,,Mark,DeSaulnier,1952-03-31,M,,democrat,2,0,0,CA,11,House,Democrat
02228,412614,K000387,N00035820,,,['H4CA25123'],,Steve Knight (politician),,,Steve,Knight,1966-12-17,M,,republican,0,2,0,CA,25,House,Republican
02229,412615,A000371,N00033997,,70114,['H2CA31125'],,Pete Aguilar,,,Pete,Aguilar,1979-06-19,M,,democrat,2,0,0,CA,31,House,Democrat
02230,412616,L000582,N00035825,,,['H4CA33119'],,Ted Lieu,,,Ted,Lieu,1969-03-29,M,,democrat,2,0,0,CA,33,House,Democrat
02231,412617,T000474,N00036107,,,['H4CA35031'],,Norma Torres,,,Norma,Torres,1965-04-04,F,,democrat,2,0,0,CA,35,House,Democrat
02232,412618,W000820,N00035391,,,['H4CA45097'],,Mimi Walters,,,Mimi,Walters,1962-05-14,F,,republican,0,2,0,CA,45,House,Republican
02233,412619,B001297,N00030829,,125319,"['S0CO00237', 'H4CO04090']",,Ken Buck,,,Ken,Buck,1959-02-16,M,,republican,0,2,0,CO,4,House,Republican
02235,412621,C001107,N00035403,,137676,['H4FL26038'],,Carlos Curbelo (politician),,,Carlos,Curbelo,1980-03-01,M,,republican,0,2,0,FL,26,House,Republican
02236,412622,C001103,N00035346,,32085,['H4GA01039'],,Buddy Carter,,,Buddy,Carter,1957-09-06,M,,republican,0,2,0,GA,1,House,Republican
02237,412623,H001071,N00032243,,122246,['H0GA07125'],,Jody Hice,,,Jody,Hice,1960-04-22,M,,republican,0,2,0,GA,10,House,Republican
02238,412624,L000583,N00035347,,31618,['H4GA11061'],,Barry Loudermilk,,,Barry,Loudermilk,1963-12-22,M,,republican,0,2,0,GA,11,House,Republican
02239,412625,A000372,N00033720,,136062,['H2GA12121'],,Rick W. Allen,,,Rick,Allen,1951-11-07,M,,republican,0,2,0,GA,12,House,Republican
02241,412627,B001294,N00033744,,,['H2IA01055'],,Rod Blum,,,Rod,Blum,1955-04-26,M,,republican,0,2,0,IA,1,House,Republican
02242,412628,Y000066,N00035509,,,"['S4IA00103', 'H4IA03115']",,David Young (Iowa politician),,,David,Young,1968-05-11,M,,republican,0,2,0,IA,3,House,Republican
02243,412629,B001295,N00035420,,,['H4IL12060'],,Mike Bost,,,Mike,Bost,1960-12-30,M,,republican,0,2,0,IL,12,House,Republican
02244,412630,A000374,N00036633,,155414,['H4LA05221'],,Ralph Abraham (politician),,,Ralph,Abraham,1954-09-16,M,,republican,0,2,0,LA,5,House,Republican
02245,412631,G000577,N00036135,,155424,['H4LA06153'],,Garret Graves,,,Garret,Graves,1972-01-31,M,,republican,0,2,0,LA,6,House,Republican
02246,412632,M001196,N00035431,,146299,['H4MA06090'],,Seth Moulton,,,Seth,Moulton,1978-10-24,M,,democrat,2,0,0,MA,6,House,Democrat
02247,412633,P000611,N00034584,,,"['S2ME00158', 'H4ME02234']",,Bruce Poliquin,,,Bruce,Poliquin,1953-11-01,M,,republican,0,2,0,ME,2,House,Republican
02248,412634,M001194,N00036275,,37676,['H4MI04126'],,John Moolenaar,,,John,Moolenaar,1961-05-08,M,,republican,0,2,0,MI,4,House,Republican
02249,412635,B001293,N00036449,,20157,['H4MI08135'],,Mike Bishop (politician),,,Mike,Bishop,1967-03-18,M,,republican,0,2,0,MI,8,House,Republican
02250,412636,T000475,N00035607,,152477,['H4MI11097'],,Dave Trott (politician),,,Dave,Trott,1960-10-16,M,,republican,0,2,0,MI,11,House,Republican
02251,412637,D000624,N00036149,,152482,['H4MI12079'],,Debbie Dingell,,,Debbie,Dingell,1953-11-23,F,,democrat,2,0,0,MI,12,House,Democrat
02252,412638,L000581,N00034068,,78851,['H2MI14111'],,Brenda Lawrence,,,Brenda,Lawrence,1954-10-18,F,,democrat,2,0,0,MI,14,House,Democrat
02253,412639,E000294,N00035440,,38894,['H4MN06087'],,Tom Emmer,,,Tom,Emmer,1961-03-03,M,,republican,0,2,0,MN,6,House,Republican
02254,412640,Z000018,N00035616,,,['H4MT01041'],,Ryan Zinke,,,Ryan,Zinke,1961-11-01,M,,republican,0,2,0,MT,0,House,Republican
02256,412641,R000603,N00033527,,102964,['H2NC07096'],,David Rouzer,,,David,Rouzer,1972-02-16,M,,republican,0,2,0,NC,7,House,Republican
02258,412643,M001193,N00036155,,152113,['H4NJ03130'],,Tom MacArthur,,,Tom,MacArthur,1960-10-16,M,,republican,0,2,0,NJ,3,House,Republican
02259,412644,W000822,N00036158,,24799,['H4NJ12149'],,Bonnie Watson Coleman,,,Bonnie,Watson Coleman,1945-02-06,F,,democrat,2,0,0,NJ,12,House,Democrat
02261,412646,Z000017,N00029404,,,['H8NY01148'],,Lee Zeldin,,,Lee,Zeldin,1980-01-30,M,,republican,0,2,0,NY,1,House,Republican
02262,412647,R000602,N00035927,,127653,['H4NY04075'],,Kathleen Rice,,,Kathleen,Rice,1965-02-15,F,,democrat,2,0,0,NY,4,House,Democrat
02263,412648,S001196,N00035523,,152539,['H4NY21079'],,Elise Stefanik,,,Elise,Stefanik,1984-07-02,F,,republican,0,2,0,NY,21,House,Republican
02264,412649,K000386,N00035934,,152546,['H4NY24073'],,John Katko,,,John,Katko,1962-11-09,M,,republican,0,2,0,NY,24,House,Republican
02265,412650,R000604,N00036175,,,['H4OK05132'],,Steve Russell (politician),,,Steve,Russell,1963-05-25,M,,republican,0,2,0,OK,5,House,Republican
02266,412651,C001106,N00031064,,133557,['H0PA06076'],,Ryan Costello,,,Ryan,Costello,1976-09-07,M,,republican,0,2,0,PA,6,House,Republican
02267,412652,B001296,N00035307,,47357,['H4PA13199'],,Brendan Boyle,,,Brendan,Boyle,1977-02-06,M,,democrat,2,0,0,PA,13,House,Democrat
02268,412653,R000601,N00035972,,147381,['H4TX04153'],,John Ratcliffe (American politician),,,John,Ratcliffe,1965-10-20,M,,republican,0,2,0,TX,4,House,Republican
02269,412654,H001073,N00031417,,116911,['H0TX23086'],,Will Hurd,,,Will,Hurd,1977-08-19,M,,republican,0,2,0,TX,23,House,Republican
02270,412655,B001291,N00005736,,360,['H6TX02079'],,Brian Babin,,,Brian,Babin,1948-03-23,M,,republican,0,2,0,TX,36,House,Republican
02271,412656,L000584,N00033842,,135957,['H2UT04023'],,Mia Love,,,Mia,Love,1975-12-06,F,,republican,0,2,0,UT,4,House,Republican
02272,412657,B001292,N00036018,,1707,['H4VA08224'],,Don Beyer,,,Donald,Beyer,1950-06-20,M,,democrat,2,0,0,VA,8,House,Democrat
02273,412658,C001105,N00036023,,112252,['H4VA10089'],,Barbara Comstock,,,Barbara,Comstock,1959-06-30,F,,republican,0,2,0,VA,10,House,Republican
02274,412659,P000610,N00035000,,,['H2VI00082'],,Stacey Plaskett,,,Stacey,Plaskett,1964-05-13,F,,democrat,2,0,0,VI,0,House,Democrat
02275,412660,N000189,N00036403,,51522,['H4WA04104'],,Dan Newhouse,,,Dan,Newhouse,1955-07-10,M,,republican,0,2,0,WA,4,House,Republican
02276,412661,G000576,N00036409,,3493,['H4WI06048'],,Glenn Grothman,,,Glenn,Grothman,1955-07-03,M,,republican,0,2,0,WI,6,House,Republican
02277,412662,M001195,N00033814,,,['H4WV02080'],,Alex Mooney,,,Alex,Mooney,1971-06-05,M,,republican,0,2,0,WV,2,House,Republican
02278,412663,J000297,N00035531,,8297,['H4WV03070'],,Evan Jenkins (politician),,,Evan,Jenkins,1960-09-12,M,,republican,0,2,0,WV,3,House,Republican
02222,412664,R000600,N00007635,,,['H4AS00036'],,Amata Coleman Radewagen,,,Aumua,Amata,1947-12-29,F,,republican,0,2,0,AS,0,House,Republican
02290,412665,S001198,N00035774,S383,114964,['S4AK00214'],,Dan Sullivan (U.S. Senator),,,Dan,Sullivan,1964-11-13,M,,republican,0,1,0,AK,,Senate,Republican
02286,412666,P000612,N00035516,S379,151330,['S4GA11285'],,David Perdue,,,David,Perdue,1949-12-10,M,,republican,0,1,0,GA,,Senate,Republican
02283,412667,E000295,N00035483,S376,128583,['S4IA00129'],,Joni Ernst,,,Joni,Ernst,1970-07-01,F,,republican,0,1,0,IA,,Senate,Republican
02291,412668,T000476,N00035492,S384,57717,['S4NC00162'],,Thom Tillis,,,Thom,Tillis,1960-08-30,M,,republican,0,1,0,NC,,Senate,Republican
02288,412669,R000605,N00035187,S381,7455,['S4SD00049'],,Mike Rounds,,,Mike,Rounds,1954-10-24,M,,republican,0,1,0,SD,,Senate,Republican
02255,412670,W000819,N00035311,,146255,['H4NC06052'],,Mark Walker (North Carolina politician),,,Mark,Walker,1969-05-20,M,,republican,0,2,0,NC,6,House,Republican
02289,412671,S001197,N00035544,S382,150182,['S4NE00090'],,Ben Sasse,,,Benjamin,Sasse,1972-02-22,M,,republican,0,1,0,NE,,Senate,Republican
02293,412672,D000625,N00036928,,127760,['H6NY11174'],,Dan Donovan (politician),,,Daniel,Donovan,1956-11-06,M,,republican,0,2,0,NY,11,House,Republican
02294,412673,K000388,N00037003,,156389,['H6MS01131'],,Trent Kelly (politician),,,Trent,Kelly,1966-03-01,M,,republican,0,2,0,MS,1,House,Republican
02295,412674,L000585,N00037031,,128760,['H6IL18088'],,Darin LaHood,,,Darin,LaHood,1968-07-05,M,,republican,0,2,0,IL,18,House,Republican
02296,412675,D000626,N00038767,,166760,['H6OH08315'],,Warren Davidson,,,Warren,Davidson,1970-03-01,M,,republican,0,2,0,OH,8,House,Republican
02010,412418,H001050,N00025881,,17745,"['H2HI02110', 'S4HI00144']",21124,Colleen Hanabusa,61258,,Colleen,Hanabusa,1951-05-04,F,,democrat,4,0,0,HI,1,House,Democrat
,412676,C001108,N00038260,,35169,['H6KY01110'],,James Comer (politician),76619,,James,Comer,1972-08-19,M,,republican,0,2,0,KY,1,House,Republican
,412677,E000296,N00038450,,9128,['H6PA02171'],,Dwight Evans (politician),56729,,Dwight,Evans,1954-05-16,M,,democrat,2,0,0,PA,2,House,Democrat
,412678,H001075,N00036915,S387,120012,['S6CA00584'],,Kamala Harris,,,Kamala,Harris,1964-10-20,F,,democrat,1,0,0,CA,,Senate,Democrat
,412679,K000393,N00026823,S389,35496,['S4LA00065'],,John Neely Kennedy,,,John,Kennedy,1951-11-21,M,,republican,0,1,0,LA,,Senate,Republican
,412680,H001076,N00038397,S388,42552,['S6NH00091'],,Maggie Hassan,,,Margaret,Hassan,1958-02-27,F,,democrat,1,0,0,NH,,Senate,Democrat
,412681,C001113,N00037161,S385,69579,['S6NV00200'],,Catherine Cortez Masto,,,Catherine,Cortez Masto,1964-03-29,F,,democrat,1,0,0,NV,,Senate,Democrat
02124,412534,S001190,N00033101,,134948,['H2IL10068'],21326,Brad Schneider,63948,,Bradley,Schneider,1961-08-20,M,,democrat,2,0,0,IL,10,House,Democrat
01861,412219,S001170,N00028091,,65891,['H6NH01230'],20731,Carol Shea-Porter,1021773,,Carol,Shea-Porter,1952-12-02,F,,democrat,4,0,0,NH,1,House,Democrat
,412682,O000171,N00037515,,28499,['H6AZ01199'],,Tom O'Halleran,,,Tom,O'Halleran,1946-01-24,M,,democrat,1,0,0,AZ,1,House,Democrat
,412683,B001302,N00039293,,28088,['H6AZ05083'],,Andy Biggs (politician),,,Andy,Biggs,1958-11-07,M,,republican,0,1,0,AZ,5,House,Republican
,412684,K000389,N00026427,,29473,['H4CA12055'],,Ro Khanna,,,Ro,Khanna,1976-09-13,M,,democrat,1,0,0,CA,17,House,Democrat
,412685,P000613,N00038601,,169078,['H6CA20152'],,Jimmy Panetta,,,Jimmy,Panetta,1969-10-01,M,,democrat,1,0,0,CA,20,House,Democrat
,412686,C001112,N00037015,,81569,['H6CA24303'],,Salud Carbajal,,,Salud,Carbajal,1964-11-18,M,,democrat,1,0,0,CA,24,House,Democrat
,412687,B001300,N00037019,,166270,['H6CA44103'],,Nanette Barragán,,,Nanette,Barragán,1976-09-15,F,,democrat,1,0,0,CA,44,House,Democrat
,412688,C001110,N00037260,,9732,['H6CA46116'],,Lou Correa,,,J.,Correa,1958-01-24,M,,democrat,1,0,0,CA,46,House,Democrat
,412689,B001303,N00038414,,173249,['H6DE00206'],,Lisa Blunt Rochester,,,Lisa,Blunt Rochester,1962-02-10,F,,democrat,1,0,0,DE,0,House,Democrat
,412690,G000578,N00039503,,117101,['H6FL01119'],,Matt Gaetz,,,Matt,Gaetz,1982-05-07,M,,republican,0,1,0,FL,1,House,Republican
,412691,D000628,N00037442,,166297,['H6FL02208'],,Neal Dunn,,,Neal,Dunn,1953-02-16,M,,republican,0,1,0,FL,2,House,Republican
,412692,R000609,N00039777,,172542,['H6FL04105'],,John Rutherford (Florida politician),,,John,Rutherford,1952-09-02,M,,republican,0,1,0,FL,4,House,Republican
,412693,L000586,N00030642,,24263,['H0FL02086'],,Al Lawson,,,Al,Lawson,1948-09-21,M,,democrat,1,0,0,FL,5,House,Democrat
,412694,M001202,N00040133,,173426,['H6FL07140'],,Stephanie Murphy,,,Stephanie,Murphy,1978-09-16,F,,democrat,1,0,0,FL,7,House,Democrat
,412695,S001200,N00037422,,67618,['H6FL09179'],,Darren Soto,,,Darren,Soto,1978-02-25,M,,democrat,1,0,0,FL,9,House,Democrat
,412696,D000627,N00033449,,137637,['H2FL08063'],,Val Demings,,,Val,Demings,1957-03-12,F,,democrat,1,0,0,FL,10,House,Democrat
,412697,C001111,N00002942,,24311,['H6FL13205'],,Charlie Crist,,,Charlie,Crist,1956-07-24,M,,democrat,1,0,0,FL,13,House,Democrat
,412698,M001199,N00037269,,166245,['H6FL18097'],,Brian Mast,,,Brian,Mast,1980-07-10,M,,republican,0,1,0,FL,18,House,Republican
,412699,R000607,N00040007,,172678,['H6FL19087'],,Francis Rooney,,,Francis,Rooney,1953-12-04,M,,republican,0,1,0,FL,19,House,Republican
,412700,F000465,N00039090,,168132,['H6GA03113'],,Drew Ferguson (politician),,,A.,Ferguson,1967-11-15,M,,republican,0,1,0,GA,3,House,Republican
,412701,K000391,N00033240,,117519,['H6IL08147'],,Raja Krishnamoorthi,,,Raja,Krishnamoorthi,1973-07-19,M,,democrat,1,0,0,IL,8,House,Democrat
,412702,B001299,N00037185,,116801,['H6IN03229'],,Jim Banks,,,Jim,Banks,1979-07-16,M,,republican,0,1,0,IN,3,House,Republican
,412703,H001074,N00038429,,167423,['H6IN09176'],,Trey Hollingsworth,,,Trey,Hollingsworth,1983-09-12,M,,republican,0,1,0,IN,9,House,Republican
,412704,M001198,N00037034,,172080,['H6KS01179'],,Roger Marshall (politician),,,Roger,Marshall,1960-08-09,M,,republican,0,1,0,KS,1,House,Republican
,412705,H001077,N00039953,,174484,['H6LA03148'],,Clay Higgins,,,Clay,Higgins,1961-08-24,M,,republican,0,1,0,LA,3,House,Republican
,412706,J000299,N00039106,,156097,['H6LA04138'],,Mike Johnson (Louisiana politician),,,Mike,Johnson,1972-01-30,M,,republican,0,1,0,LA,4,House,Republican
,412707,B001304,N00036999,,19344,['H6MD04209'],,Anthony G. Brown,,,Anthony,Brown,1961-11-21,M,,democrat,1,0,0,MD,4,House,Democrat
,412708,R000606,N00037036,,65904,['H6MD08457'],,Jamie Raskin,,,Jamie,Raskin,1962-12-13,M,,democrat,1,0,0,MD,8,House,Democrat
,412709,B001301,N00039533,,170172,['H6MI01226'],,Jack Bergman,,,Jack,Bergman,1947-02-02,M,,republican,0,1,0,MI,1,House,Republican
,412710,M001201,N00036274,,152464,['H4MI04118'],,Paul Mitchell (politician),,,Paul,Mitchell,1961-05-08,M,,republican,0,1,0,MI,10,House,Republican
,412711,L000587,N00038400,,171558,['H6MN02149'],,Jason Lewis (congressman),,,Jason,Lewis,1995-09-23,M,,republican,0,1,0,MN,2,House,Republican
,412712,B001305,N00039551,,171489,['H6NC13129'],,Ted Budd,,,Ted,Budd,1971-10-21,M,,republican,0,1,0,NC,13,House,Republican
,412713,B001298,N00037049,,166299,['H6NE02125'],,Don Bacon (politician),,,Don,Bacon,1963-08-16,M,,republican,0,1,0,NE,2,House,Republican
,412714,G000583,N00036944,,169202,['H6NJ05171'],,Josh Gottheimer,,,Josh,Gottheimer,1975-03-08,M,,democrat,1,0,0,NJ,5,House,Democrat
,412715,R000608,N00038734,,169471,['H6NV03139'],,Jacky Rosen,,,Jacky,Rosen,1957-08-02,F,,democrat,1,0,0,NV,3,House,Democrat
,412716,K000390,N00033530,,66851,['H2NV00050'],,Ruben Kihuen,,,Ruben,Kihuen,1980-04-25,M,,democrat,1,0,0,NV,4,House,Democrat
,412717,S001201,N00038742,,92111,['H6NY03247'],,Thomas Suozzi,,,Thomas,Suozzi,1962-08-31,M,,democrat,1,0,0,NY,3,House,Democrat
,412718,E000297,N00034549,,14379,['H2NY13096'],,Adriano Espaillat,,,Adriano,Espaillat,1954-09-27,M,,democrat,1,0,0,NY,13,House,Democrat
,412719,F000464,N00037288,,4311,['H6NY19169'],,John Faso,,,John,Faso,1952-08-25,M,,republican,0,1,0,NY,19,House,Republican
,412720,T000478,N00036351,,127668,['H4NY22051'],,Claudia Tenney,,,Claudia,Tenney,1961-02-04,F,,republican,0,1,0,NY,22,House,Republican
,412721,F000466,N00038779,,167708,['H6PA08277'],,Brian Fitzpatrick (American politician),,,Brian,Fitzpatrick,1973-12-17,M,,republican,0,1,0,PA,8,House,Republican
,412722,S001199,N00038781,,102454,['H6PA16320'],,Lloyd Smucker,,,Lloyd,Smucker,1964-01-23,M,,republican,0,1,0,PA,16,House,Republican
,412723,G000582,N00037615,,,['H6PR00082'],,Jenniffer González,,,Jenniffer,González-Colón,1976-08-05,F,,republican,0,1,0,PR,0,House,Republican
,412724,K000392,N00025445,,48997,['H2TN07103'],,David Kustoff,,,David,Kustoff,1966-10-08,M,,republican,0,1,0,TN,8,House,Republican
,412725,G000581,N00038809,,166483,['H6TX15162'],,Vicente González (politician),,,Vicente,Gonzalez,1967-09-04,M,,democrat,1,0,0,TX,15,House,Democrat
,412726,A000375,N00038285,,155685,['H6TX19099'],,Jodey Arrington,,,Jodey,Arrington,1972-03-09,M,,republican,0,1,0,TX,19,House,Republican
,412727,T000477,N00031263,,144514,['H0VA02118'],,Scott Taylor (politician),,,Scott,Taylor,1979-06-27,M,,republican,0,1,0,VA,2,House,Republican
,412728,M001200,N00039327,,8230,['H6VA04061'],,Donald McEachin,,,A.,McEachin,1961-10-10,M,,democrat,1,0,0,VA,4,House,Democrat
,412729,G000580,N00038847,,134493,['H6VA05142'],,Thomas Garrett Jr.,,,Thomas,Garrett,1972-03-27,M,,republican,0,1,0,VA,5,House,Republican
,412730,J000298,N00038858,,153141,['H6WA07458'],,Pramila Jayapal,,,Pramila,Jayapal,1965-09-21,F,,democrat,1,0,0,WA,7,House,Democrat
,412731,G000579,N00039330,,171843,['H6WI08155'],,Mike Gallagher (U.S. legislator),,,Mike,Gallagher,1984-03-03,M,,republican,0,1,0,WI,8,House,Republican
,412732,C001109,N00035504,,145932,['H6WY00159'],,Liz Cheney,,,Liz,Cheney,1966-07-28,F,,republican,0,1,0,WY,0,House,Republican
